step,page,hit,evicted,frames
0,0,0,,0
1,1,0,,0 1
2,0,1,,0 1
3,0,1,,0 1
4,0,1,,0 1
5,1,1,,0 1
6,0,1,,0 1
7,3,0,,0 1 3
8,2,0,,0 1 3 2
9,0,1,,0 1 3 2
10,1,1,,0 1 3 2
11,2,1,,0 1 3 2
12,1,1,,0 1 3 2
13,13,0,1,0 3 2 13
14,0,1,,0 3 2 13
15,2,1,,0 3 2 13
16,2,1,,0 3 2 13
17,3,1,,0 3 2 13
18,3,1,,0 3 2 13
19,2,1,,0 3 2 13
20,2,1,,0 3 2 13
21,0,1,,0 3 2 13
22,1,0,0,3 2 13 1
23,0,0,1,3 2 13 0
24,0,1,,3 2 13 0
25,1,0,13,3 2 0 1
26,3,1,,3 2 0 1
27,2,1,,3 2 0 1
28,2,1,,3 2 0 1
29,2,1,,3 2 0 1
30,0,1,,3 2 0 1
31,1,1,,3 2 0 1
32,1,1,,3 2 0 1
33,3,1,,3 2 0 1
34,1,1,,3 2 0 1
35,0,1,,3 2 0 1
36,0,1,,3 2 0 1
37,3,1,,3 2 0 1
38,1,1,,3 2 0 1
39,15,0,3,2 0 1 15
40,2,1,,2 0 1 15
41,3,0,15,2 0 1 3
42,3,1,,2 0 1 3
43,1,1,,2 0 1 3
44,2,1,,2 0 1 3
45,3,1,,2 0 1 3
46,22,0,3,2 0 1 22
47,1,1,,2 0 1 22
48,0,1,,2 0 1 22
49,3,0,22,2 0 1 3
50,0,1,,2 0 1 3
51,3,1,,2 0 1 3
52,1,1,,2 0 1 3
53,3,1,,2 0 1 3
54,3,1,,2 0 1 3
55,3,1,,2 0 1 3
56,0,1,,2 0 1 3
57,0,1,,2 0 1 3
58,2,1,,2 0 1 3
59,2,1,,2 0 1 3
60,3,1,,2 0 1 3
61,0,1,,2 0 1 3
62,14,0,2,0 1 3 14
63,15,0,14,0 1 3 15
64,1,1,,0 1 3 15
65,0,1,,0 1 3 15
66,18,0,15,0 1 3 18
67,1,1,,0 1 3 18
68,1,1,,0 1 3 18
69,0,1,,0 1 3 18
70,3,1,,0 1 3 18
71,2,0,18,0 1 3 2
72,0,1,,0 1 3 2
73,2,1,,0 1 3 2
74,1,1,,0 1 3 2
75,3,1,,0 1 3 2
76,4,0,0,1 3 2 4
77,3,1,,1 3 2 4
78,1,1,,1 3 2 4
79,3,1,,1 3 2 4
80,8,0,4,1 3 2 8
81,3,1,,1 3 2 8
82,10,0,8,1 3 2 10
83,11,0,10,1 3 2 11
84,1,1,,1 3 2 11
85,3,1,,1 3 2 11
86,14,0,11,1 3 2 14
87,3,1,,1 3 2 14
88,16,0,14,1 3 2 16
89,1,1,,1 3 2 16
90,2,1,,1 3 2 16
91,1,1,,1 3 2 16
92,0,0,16,1 3 2 0
93,0,1,,1 3 2 0
94,0,1,,1 3 2 0
95,23,0,1,3 2 0 23
96,1,0,23,3 2 0 1
97,3,1,,3 2 0 1
98,1,1,,3 2 0 1
99,3,1,,3 2 0 1
100,3,1,,3 2 0 1
101,1,1,,3 2 0 1
102,3,1,,3 2 0 1
103,3,1,,3 2 0 1
104,0,1,,3 2 0 1
105,0,1,,3 2 0 1
106,2,1,,3 2 0 1
107,0,1,,3 2 0 1
108,1,1,,3 2 0 1
109,1,1,,3 2 0 1
110,2,1,,3 2 0 1
111,0,1,,3 2 0 1
112,0,1,,3 2 0 1
113,0,1,,3 2 0 1
114,18,0,2,3 0 1 18
115,19,0,18,3 0 1 19
116,1,1,,3 0 1 19
117,3,1,,3 0 1 19
118,3,1,,3 0 1 19
119,23,0,19,3 0 1 23
120,0,1,,3 0 1 23
121,1,1,,3 0 1 23
122,3,1,,3 0 1 23
123,3,1,,3 0 1 23
124,2,0,23,3 0 1 2
125,0,1,,3 0 1 2
126,0,1,,3 0 1 2
127,0,1,,3 0 1 2
128,3,1,,3 0 1 2
129,1,1,,3 0 1 2
130,0,1,,3 0 1 2
131,11,0,2,3 0 1 11
132,0,1,,3 0 1 11
133,1,1,,3 0 1 11
134,1,1,,3 0 1 11
135,0,1,,3 0 1 11
136,3,1,,3 0 1 11
137,2,0,11,3 0 1 2
138,18,0,2,3 0 1 18
139,2,0,18,3 0 1 2
140,3,1,,3 0 1 2
141,2,1,,3 0 1 2
142,0,1,,3 0 1 2
143,0,1,,3 0 1 2
144,1,1,,3 0 1 2
145,1,1,,3 0 1 2
146,2,1,,3 0 1 2
147,3,1,,3 0 1 2
148,4,0,1,3 0 2 4
149,1,0,4,3 0 2 1
150,2,1,,3 0 2 1
151,0,1,,3 0 2 1
152,2,1,,3 0 2 1
153,9,0,2,3 0 1 9
154,1,1,,3 0 1 9
155,0,1,,3 0 1 9
156,1,1,,3 0 1 9
157,1,1,,3 0 1 9
158,1,1,,3 0 1 9
159,2,0,9,3 0 1 2
160,2,1,,3 0 1 2
161,17,0,2,3 0 1 17
162,0,1,,3 0 1 17
163,2,0,17,3 0 1 2
164,2,1,,3 0 1 2
165,2,1,,3 0 1 2
166,3,1,,3 0 1 2
167,3,1,,3 0 1 2
168,0,1,,3 0 1 2
169,1,1,,3 0 1 2
170,2,1,,3 0 1 2
171,1,1,,3 0 1 2
172,0,1,,3 0 1 2
173,0,1,,3 0 1 2
174,6,0,3,0 1 2 6
175,1,1,,0 1 2 6
176,2,1,,0 1 2 6
177,3,0,6,0 1 2 3
178,10,0,3,0 1 2 10
179,1,1,,0 1 2 10
180,12,0,10,0 1 2 12
181,13,0,12,0 1 2 13
182,3,0,13,0 1 2 3
183,2,1,,0 1 2 3
184,3,1,,0 1 2 3
185,1,1,,0 1 2 3
186,0,1,,0 1 2 3
187,0,1,,0 1 2 3
188,20,0,3,0 1 2 20
189,3,0,20,0 1 2 3
190,1,1,,0 1 2 3
191,1,1,,0 1 2 3
192,2,1,,0 1 2 3
193,1,1,,0 1 2 3
194,2,1,,0 1 2 3
195,3,1,,0 1 2 3
196,2,1,,0 1 2 3
197,5,0,3,0 1 2 5
198,2,1,,0 1 2 5
199,2,1,,0 1 2 5
200,3,0,5,0 1 2 3
201,2,1,,0 1 2 3
202,0,1,,0 1 2 3
203,1,1,,0 1 2 3
204,3,1,,0 1 2 3
205,1,1,,0 1 2 3
206,0,1,,0 1 2 3
207,15,0,0,1 2 3 15
208,16,0,15,1 2 3 16
209,0,0,16,1 2 3 0
210,2,1,,1 2 3 0
211,3,1,,1 2 3 0
212,2,1,,1 2 3 0
213,1,1,,1 2 3 0
214,3,1,,1 2 3 0
215,1,1,,1 2 3 0
216,2,1,,1 2 3 0
217,0,1,,1 2 3 0
218,1,1,,1 2 3 0
219,2,1,,1 2 3 0
220,3,1,,1 2 3 0
221,3,1,,1 2 3 0
222,1,1,,1 2 3 0
223,2,1,,1 2 3 0
224,2,1,,1 2 3 0
225,1,1,,1 2 3 0
226,1,1,,1 2 3 0
227,1,1,,1 2 3 0
228,1,1,,1 2 3 0
229,13,0,2,1 3 0 13
230,0,1,,1 3 0 13
231,1,1,,1 3 0 13
232,3,1,,1 3 0 13
233,1,1,,1 3 0 13
234,0,1,,1 3 0 13
235,19,0,13,1 3 0 19
236,20,0,19,1 3 0 20
237,21,0,20,1 3 0 21
238,1,1,,1 3 0 21
239,3,1,,1 3 0 21
240,1,1,,1 3 0 21
241,1,1,,1 3 0 21
242,1,1,,1 3 0 21
243,2,0,21,1 3 0 2
244,4,0,2,1 3 0 4
245,5,0,4,1 3 0 5
246,3,1,,1 3 0 5
247,3,1,,1 3 0 5
248,8,0,5,1 3 0 8
249,3,1,,1 3 0 8
250,1,1,,1 3 0 8
251,2,0,8,1 3 0 2
252,3,1,,1 3 0 2
253,2,1,,1 3 0 2
254,2,1,,1 3 0 2
255,2,1,,1 3 0 2
256,0,1,,1 3 0 2
257,1,1,,1 3 0 2
258,1,1,,1 3 0 2
259,0,1,,1 3 0 2
260,2,1,,1 3 0 2
261,3,1,,1 3 0 2
262,3,1,,1 3 0 2
263,0,1,,1 3 0 2
264,0,1,,1 3 0 2
265,3,1,,1 3 0 2
266,2,1,,1 3 0 2
267,3,1,,1 3 0 2
268,4,0,0,1 3 2 4
269,5,0,4,1 3 2 5
270,1,1,,1 3 2 5
271,2,1,,1 3 2 5
272,0,0,5,1 3 2 0
273,3,1,,1 3 2 0
274,3,1,,1 3 2 0
275,11,0,2,1 3 0 11
276,12,0,11,1 3 0 12
277,3,1,,1 3 0 12
278,0,1,,1 3 0 12
279,3,1,,1 3 0 12
280,3,1,,1 3 0 12
281,2,0,12,1 3 0 2
282,1,1,,1 3 0 2
283,2,1,,1 3 0 2
284,3,1,,1 3 0 2
285,3,1,,1 3 0 2
286,0,1,,1 3 0 2
287,0,1,,1 3 0 2
288,0,1,,1 3 0 2
289,0,1,,1 3 0 2
290,0,1,,1 3 0 2
291,1,1,,1 3 0 2
292,0,1,,1 3 0 2
293,1,1,,1 3 0 2
294,0,1,,1 3 0 2
295,1,1,,1 3 0 2
296,2,1,,1 3 0 2
297,1,1,,1 3 0 2
298,0,1,,1 3 0 2
299,1,1,,1 3 0 2
300,12,0,2,1 3 0 12
301,0,1,,1 3 0 12
302,14,0,12,1 3 0 14
303,3,1,,1 3 0 14
304,1,1,,1 3 0 14
305,1,1,,1 3 0 14
306,2,0,14,1 3 0 2
307,19,0,2,1 3 0 19
308,0,1,,1 3 0 19
309,0,1,,1 3 0 19
310,3,1,,1 3 0 19
311,0,1,,1 3 0 19
312,2,0,19,1 3 0 2
313,3,1,,1 3 0 2
314,0,1,,1 3 0 2
315,2,1,,1 3 0 2
316,3,1,,1 3 0 2
317,3,1,,1 3 0 2
318,2,1,,1 3 0 2
319,3,1,,1 3 0 2
320,2,1,,1 3 0 2
321,1,1,,1 3 0 2
322,0,1,,1 3 0 2
323,3,1,,1 3 0 2
324,3,1,,1 3 0 2
325,3,1,,1 3 0 2
326,3,1,,1 3 0 2
327,15,0,2,1 3 0 15
328,1,1,,1 3 0 15
329,2,0,15,1 3 0 2
330,2,1,,1 3 0 2
331,1,1,,1 3 0 2
332,3,1,,1 3 0 2
333,1,1,,1 3 0 2
334,3,1,,1 3 0 2
335,0,1,,1 3 0 2
336,1,1,,1 3 0 2
337,1,1,,1 3 0 2
338,2,1,,1 3 0 2
339,2,1,,1 3 0 2
340,2,1,,1 3 0 2
341,3,1,,1 3 0 2
342,2,1,,1 3 0 2
343,1,1,,1 3 0 2
344,1,1,,1 3 0 2
345,3,1,,1 3 0 2
346,2,1,,1 3 0 2
347,11,0,2,1 3 0 11
348,2,0,11,1 3 0 2
349,1,1,,1 3 0 2
350,1,1,,1 3 0 2
351,0,1,,1 3 0 2
352,1,1,,1 3 0 2
353,3,1,,1 3 0 2
354,0,1,,1 3 0 2
355,3,1,,1 3 0 2
356,2,1,,1 3 0 2
357,0,1,,1 3 0 2
358,3,1,,1 3 0 2
359,0,1,,1 3 0 2
360,0,1,,1 3 0 2
361,0,1,,1 3 0 2
362,2,1,,1 3 0 2
363,1,1,,1 3 0 2
364,3,1,,1 3 0 2
365,1,1,,1 3 0 2
366,3,1,,1 3 0 2
367,3,1,,1 3 0 2
368,3,1,,1 3 0 2
369,0,1,,1 3 0 2
370,0,1,,1 3 0 2
371,11,0,0,1 3 2 11
372,1,1,,1 3 2 11
373,0,0,11,1 3 2 0
374,1,1,,1 3 2 0
375,1,1,,1 3 2 0
376,3,1,,1 3 2 0
377,3,1,,1 3 2 0
378,1,1,,1 3 2 0
379,2,1,,1 3 2 0
380,3,1,,1 3 2 0
381,1,1,,1 3 2 0
382,22,0,2,1 3 0 22
383,1,1,,1 3 0 22
384,1,1,,1 3 0 22
385,2,0,22,1 3 0 2
386,0,1,,1 3 0 2
387,2,1,,1 3 0 2
388,2,1,,1 3 0 2
389,3,1,,1 3 0 2
390,3,1,,1 3 0 2
391,7,0,2,1 3 0 7
392,3,1,,1 3 0 7
393,0,1,,1 3 0 7
394,10,0,7,1 3 0 10
395,2,0,10,1 3 0 2
396,1,1,,1 3 0 2
397,13,0,2,1 3 0 13
398,0,1,,1 3 0 13
399,15,0,13,1 3 0 15
400,2,0,15,1 3 0 2
401,1,1,,1 3 0 2
402,3,1,,1 3 0 2
403,19,0,2,1 3 0 19
404,3,1,,1 3 0 19
405,3,1,,1 3 0 19
406,22,0,19,1 3 0 22
407,3,1,,1 3 0 22
408,0,1,,1 3 0 22
409,1,1,,1 3 0 22
410,3,1,,1 3 0 22
411,3,1,,1 3 0 22
412,0,1,,1 3 0 22
413,2,0,0,1 3 22 2
414,0,0,2,1 3 22 0
415,7,0,0,1 3 22 7
416,0,0,7,1 3 22 0
417,3,1,,1 3 22 0
418,1,1,,1 3 22 0
419,3,1,,1 3 22 0
420,0,1,,1 3 22 0
421,1,1,,1 3 22 0
422,14,0,0,1 3 22 14
423,3,1,,1 3 22 14
424,1,1,,1 3 22 14
425,2,0,14,1 3 22 2
426,3,1,,1 3 22 2
427,0,0,2,1 3 22 0
428,0,1,,1 3 22 0
429,1,1,,1 3 22 0
430,2,0,1,3 22 0 2
431,2,1,,3 22 0 2
432,3,1,,3 22 0 2
433,1,0,2,3 22 0 1
434,1,1,,3 22 0 1
435,1,1,,3 22 0 1
436,4,0,1,3 22 0 4
437,3,1,,3 22 0 4
438,2,0,4,3 22 0 2
439,2,1,,3 22 0 2
440,3,1,,3 22 0 2
441,9,0,2,3 22 0 9
442,3,1,,3 22 0 9
443,3,1,,3 22 0 9
444,2,0,9,3 22 0 2
445,13,0,2,3 22 0 13
446,14,0,13,3 22 0 14
447,3,1,,3 22 0 14
448,3,1,,3 22 0 14
449,3,1,,3 22 0 14
450,3,1,,3 22 0 14
451,1,0,14,3 22 0 1
452,0,1,,3 22 0 1
453,2,0,0,3 22 1 2
454,22,1,,3 22 1 2
455,23,0,22,3 1 2 23
456,3,1,,3 1 2 23
457,1,1,,3 1 2 23
458,1,1,,3 1 2 23
459,2,1,,3 1 2 23
460,3,1,,3 1 2 23
461,2,1,,3 1 2 23
462,6,0,23,3 1 2 6
463,7,0,6,3 1 2 7
464,2,1,,3 1 2 7
465,3,1,,3 1 2 7
466,10,0,7,3 1 2 10
467,0,0,10,3 1 2 0
468,2,1,,3 1 2 0
469,13,0,0,3 1 2 13
470,3,1,,3 1 2 13
471,15,0,13,3 1 2 15
472,0,0,15,3 1 2 0
473,2,1,,3 1 2 0
474,18,0,0,3 1 2 18
475,0,0,18,3 1 2 0
476,2,1,,3 1 2 0
477,1,1,,3 1 2 0
478,1,1,,3 1 2 0
479,0,1,,3 1 2 0
480,3,1,,3 1 2 0
481,1,1,,3 1 2 0
482,1,1,,3 1 2 0
483,2,1,,3 1 2 0
484,0,1,,3 1 2 0
485,5,0,0,3 1 2 5
486,2,1,,3 1 2 5
487,1,1,,3 1 2 5
488,2,1,,3 1 2 5
489,9,0,5,3 1 2 9
490,3,1,,3 1 2 9
491,3,1,,3 1 2 9
492,1,1,,3 1 2 9
493,13,0,9,3 1 2 13
494,14,0,13,3 1 2 14
495,3,1,,3 1 2 14
496,2,1,,3 1 2 14
497,17,0,14,3 1 2 17
498,3,1,,3 1 2 17
499,0,0,17,3 1 2 0
500,20,0,0,3 1 2 20
501,2,1,,3 1 2 20
502,1,1,,3 1 2 20
503,2,1,,3 1 2 20
504,1,1,,3 1 2 20
505,1,1,,3 1 2 20
506,0,0,20,3 1 2 0
507,3,1,,3 1 2 0
508,2,1,,3 1 2 0
509,0,1,,3 1 2 0
510,6,0,0,3 1 2 6
511,3,1,,3 1 2 6
512,1,1,,3 1 2 6
513,2,1,,3 1 2 6
514,2,1,,3 1 2 6
515,2,1,,3 1 2 6
516,12,0,6,3 1 2 12
517,13,0,12,3 1 2 13
518,14,0,13,3 1 2 14
519,2,1,,3 1 2 14
520,3,1,,3 1 2 14
521,17,0,14,3 1 2 17
522,1,1,,3 1 2 17
523,19,0,17,3 1 2 19
524,3,1,,3 1 2 19
525,21,0,19,3 1 2 21
526,2,1,,3 1 2 21
527,3,1,,3 1 2 21
528,0,0,21,3 1 2 0
529,2,1,,3 1 2 0
530,2,1,,3 1 2 0
531,1,1,,3 1 2 0
532,2,1,,3 1 2 0
533,5,0,1,3 2 0 5
534,0,1,,3 2 0 5
535,3,1,,3 2 0 5
536,8,0,5,3 2 0 8
537,3,1,,3 2 0 8
538,0,1,,3 2 0 8
539,11,0,0,3 2 8 11
540,3,1,,3 2 8 11
541,1,0,11,3 2 8 1
542,14,0,8,3 2 1 14
543,3,1,,3 2 1 14
544,3,1,,3 2 1 14
545,1,1,,3 2 1 14
546,18,0,1,3 2 14 18
547,3,1,,3 2 14 18
548,2,1,,3 2 14 18
549,2,1,,3 2 14 18
550,3,1,,3 2 14 18
551,23,0,18,3 2 14 23
552,0,0,23,3 2 14 0
553,2,1,,3 2 14 0
554,2,1,,3 2 14 0
555,2,1,,3 2 14 0
556,0,1,,3 2 14 0
557,5,0,0,3 2 14 5
558,0,0,5,3 2 14 0
559,0,1,,3 2 14 0
560,2,1,,3 2 14 0
561,1,0,2,3 14 0 1
562,1,1,,3 14 0 1
563,1,1,,3 14 0 1
564,1,1,,3 14 0 1
565,1,1,,3 14 0 1
566,0,1,,3 14 0 1
567,1,1,,3 14 0 1
568,16,0,0,3 14 1 16
569,1,1,,3 14 1 16
570,0,0,16,3 14 1 0
571,2,0,0,3 14 1 2
572,1,1,,3 14 1 2
573,0,0,1,3 14 2 0
574,0,1,,3 14 2 0
575,3,1,,3 14 2 0
576,0,1,,3 14 2 0
577,2,1,,3 14 2 0
578,0,1,,3 14 2 0
579,1,0,3,14 2 0 1
580,4,0,2,14 0 1 4
581,2,0,4,14 0 1 2
582,0,1,,14 0 1 2
583,3,0,2,14 0 1 3
584,3,1,,14 0 1 3
585,3,1,,14 0 1 3
586,3,1,,14 0 1 3
587,0,1,,14 0 1 3
588,1,1,,14 0 1 3
589,2,0,3,14 0 1 2
590,2,1,,14 0 1 2
591,2,1,,14 0 1 2
592,3,0,1,14 0 2 3
593,0,1,,14 0 2 3
594,18,0,3,14 0 2 18
595,1,0,18,14 0 2 1
596,1,1,,14 0 2 1
597,3,0,1,14 0 2 3
598,0,1,,14 0 2 3
599,2,1,,14 0 2 3
600,2,1,,14 0 2 3
601,1,0,3,14 0 2 1
602,3,0,1,14 0 2 3
603,0,1,,14 0 2 3
604,0,1,,14 0 2 3
605,2,1,,14 0 2 3
606,0,1,,14 0 2 3
607,2,1,,14 0 2 3
608,3,1,,14 0 2 3
609,3,1,,14 0 2 3
610,10,0,2,14 0 3 10
611,2,0,10,14 0 3 2
612,2,1,,14 0 3 2
613,1,0,3,14 0 2 1
614,3,0,1,14 0 2 3
615,0,1,,14 0 2 3
616,2,1,,14 0 2 3
617,2,1,,14 0 2 3
618,3,1,,14 0 2 3
619,0,1,,14 0 2 3
620,2,1,,14 0 2 3
621,2,1,,14 0 2 3
622,2,1,,14 0 2 3
623,23,0,14,0 2 3 23
624,1,0,23,0 2 3 1
625,1,1,,0 2 3 1
626,3,1,,0 2 3 1
627,0,1,,0 2 3 1
628,1,1,,0 2 3 1
629,3,1,,0 2 3 1
630,2,1,,0 2 3 1
631,2,1,,0 2 3 1
632,0,1,,0 2 3 1
633,9,0,0,2 3 1 9
634,0,0,9,2 3 1 0
635,2,1,,2 3 1 0
636,3,1,,2 3 1 0
637,3,1,,2 3 1 0
638,1,1,,2 3 1 0
639,0,1,,2 3 1 0
640,0,1,,2 3 1 0
641,3,1,,2 3 1 0
642,2,1,,2 3 1 0
643,3,1,,2 3 1 0
644,20,0,0,2 3 1 20
645,1,1,,2 3 1 20
646,1,1,,2 3 1 20
647,2,1,,2 3 1 20
648,0,0,20,2 3 1 0
649,3,1,,2 3 1 0
650,3,1,,2 3 1 0
651,1,1,,2 3 1 0
652,2,1,,2 3 1 0
653,0,1,,2 3 1 0
654,3,1,,2 3 1 0
655,7,0,1,2 3 0 7
656,8,0,7,2 3 0 8
657,3,1,,2 3 0 8
658,3,1,,2 3 0 8
659,3,1,,2 3 0 8
660,2,1,,2 3 0 8
661,3,1,,2 3 0 8
662,2,1,,2 3 0 8
663,0,1,,2 3 0 8
664,3,1,,2 3 0 8
665,3,1,,2 3 0 8
666,18,0,8,2 3 0 18
667,1,0,18,2 3 0 1
668,1,1,,2 3 0 1
669,0,1,,2 3 0 1
670,1,1,,2 3 0 1
671,23,0,0,2 3 1 23
672,1,1,,2 3 1 23
673,1,1,,2 3 1 23
674,1,1,,2 3 1 23
675,0,0,23,2 3 1 0
676,3,1,,2 3 1 0
677,3,1,,2 3 1 0
678,2,1,,2 3 1 0
679,7,0,2,3 1 0 7
680,1,1,,3 1 0 7
681,3,1,,3 1 0 7
682,2,0,7,3 1 0 2
683,0,1,,3 1 0 2
684,0,1,,3 1 0 2
685,3,1,,3 1 0 2
686,2,1,,3 1 0 2
687,0,1,,3 1 0 2
688,0,1,,3 1 0 2
689,3,1,,3 1 0 2
690,0,1,,3 1 0 2
691,1,1,,3 1 0 2
692,3,1,,3 1 0 2
693,0,1,,3 1 0 2
694,2,1,,3 1 0 2
695,23,0,2,3 1 0 23
696,1,1,,3 1 0 23
697,3,1,,3 1 0 23
698,2,0,23,3 1 0 2
699,1,1,,3 1 0 2
700,2,1,,3 1 0 2
701,2,1,,3 1 0 2
702,0,1,,3 1 0 2
703,2,1,,3 1 0 2
704,0,1,,3 1 0 2
705,3,1,,3 1 0 2
706,1,1,,3 1 0 2
707,1,1,,3 1 0 2
708,12,0,0,3 1 2 12
709,3,1,,3 1 2 12
710,0,0,12,3 1 2 0
711,3,1,,3 1 2 0
712,2,1,,3 1 2 0
713,0,1,,3 1 2 0
714,3,1,,3 1 2 0
715,0,1,,3 1 2 0
716,1,1,,3 1 2 0
717,21,0,3,1 2 0 21
718,3,0,21,1 2 0 3
719,1,1,,1 2 0 3
720,2,1,,1 2 0 3
721,0,1,,1 2 0 3
722,0,1,,1 2 0 3
723,1,1,,1 2 0 3
724,1,1,,1 2 0 3
725,1,1,,1 2 0 3
726,0,1,,1 2 0 3
727,1,1,,1 2 0 3
728,8,0,1,2 0 3 8
729,3,1,,2 0 3 8
730,1,0,8,2 0 3 1
731,3,1,,2 0 3 1
732,12,0,3,2 0 1 12
733,3,0,12,2 0 1 3
734,2,1,,2 0 1 3
735,3,1,,2 0 1 3
736,16,0,2,0 1 3 16
737,1,1,,0 1 3 16
738,18,0,16,0 1 3 18
739,3,1,,0 1 3 18
740,20,0,18,0 1 3 20
741,0,1,,0 1 3 20
742,0,1,,0 1 3 20
743,1,1,,0 1 3 20
744,1,1,,0 1 3 20
745,0,1,,0 1 3 20
746,2,0,20,0 1 3 2
747,3,1,,0 1 3 2
748,4,0,2,0 1 3 4
749,5,0,4,0 1 3 5
750,3,1,,0 1 3 5
751,1,1,,0 1 3 5
752,0,1,,0 1 3 5
753,0,1,,0 1 3 5
754,0,1,,0 1 3 5
755,2,0,5,0 1 3 2
756,1,1,,0 1 3 2
757,3,1,,0 1 3 2
758,1,1,,0 1 3 2
759,3,1,,0 1 3 2
760,0,1,,0 1 3 2
761,17,0,0,1 3 2 17
762,1,1,,1 3 2 17
763,3,1,,1 3 2 17
764,2,1,,1 3 2 17
765,0,0,2,1 3 17 0
766,3,1,,1 3 17 0
767,3,1,,1 3 17 0
768,3,1,,1 3 17 0
769,0,1,,1 3 17 0
770,1,1,,1 3 17 0
771,2,0,17,1 3 0 2
772,2,1,,1 3 0 2
773,3,1,,1 3 0 2
774,0,1,,1 3 0 2
775,2,1,,1 3 0 2
776,0,1,,1 3 0 2
777,3,1,,1 3 0 2
778,3,1,,1 3 0 2
779,11,0,2,1 3 0 11
780,0,1,,1 3 0 11
781,0,1,,1 3 0 11
782,0,1,,1 3 0 11
783,2,0,11,1 3 0 2
784,2,1,,1 3 0 2
785,1,1,,1 3 0 2
786,3,1,,1 3 0 2
787,19,0,1,3 0 2 19
788,1,0,19,3 0 2 1
789,0,1,,3 0 2 1
790,3,1,,3 0 2 1
791,1,1,,3 0 2 1
792,1,1,,3 0 2 1
793,1,1,,3 0 2 1
794,2,1,,3 0 2 1
795,3,1,,3 0 2 1
796,1,1,,3 0 2 1
797,0,1,,3 0 2 1
798,6,0,2,3 0 1 6
799,0,1,,3 0 1 6
800,3,1,,3 0 1 6
801,9,0,6,3 0 1 9
802,3,1,,3 0 1 9
803,1,1,,3 0 1 9
804,3,1,,3 0 1 9
805,2,0,9,3 0 1 2
806,3,1,,3 0 1 2
807,1,1,,3 0 1 2
808,2,1,,3 0 1 2
809,2,1,,3 0 1 2
810,2,1,,3 0 1 2
811,3,1,,3 0 1 2
812,3,1,,3 0 1 2
813,0,1,,3 0 1 2
814,2,1,,3 0 1 2
815,3,1,,3 0 1 2
816,0,1,,3 0 1 2
817,3,1,,3 0 1 2
818,1,1,,3 0 1 2
819,3,1,,3 0 1 2
820,3,1,,3 0 1 2
821,0,1,,3 0 1 2
822,2,1,,3 0 1 2
823,0,1,,3 0 1 2
824,3,1,,3 0 1 2
825,9,0,2,3 0 1 9
826,0,1,,3 0 1 9
827,2,0,9,3 0 1 2
828,2,1,,3 0 1 2
829,0,1,,3 0 1 2
830,1,1,,3 0 1 2
831,3,1,,3 0 1 2
832,16,0,2,3 0 1 16
833,2,0,16,3 0 1 2
834,1,1,,3 0 1 2
835,19,0,1,3 0 2 19
836,3,1,,3 0 2 19
837,1,0,19,3 0 2 1
838,22,0,1,3 0 2 22
839,3,1,,3 0 2 22
840,0,1,,3 0 2 22
841,2,1,,3 0 2 22
842,0,1,,3 0 2 22
843,2,1,,3 0 2 22
844,4,0,22,3 0 2 4
845,5,0,4,3 0 2 5
846,1,0,5,3 0 2 1
847,1,1,,3 0 2 1
848,1,1,,3 0 2 1
849,1,1,,3 0 2 1
850,0,1,,3 0 2 1
851,2,1,,3 0 2 1
852,1,1,,3 0 2 1
853,0,1,,3 0 2 1
854,3,1,,3 0 2 1
855,15,0,1,3 0 2 15
856,3,1,,3 0 2 15
857,0,1,,3 0 2 15
858,2,1,,3 0 2 15
859,3,1,,3 0 2 15
860,2,1,,3 0 2 15
861,1,0,15,3 0 2 1
862,1,1,,3 0 2 1
863,0,1,,3 0 2 1
864,1,1,,3 0 2 1
865,1,1,,3 0 2 1
866,1,1,,3 0 2 1
867,2,1,,3 0 2 1
868,2,1,,3 0 2 1
869,2,1,,3 0 2 1
870,2,1,,3 0 2 1
871,0,1,,3 0 2 1
872,1,1,,3 0 2 1
873,1,1,,3 0 2 1
874,2,1,,3 0 2 1
875,0,1,,3 0 2 1
876,0,1,,3 0 2 1
877,2,1,,3 0 2 1
878,3,1,,3 0 2 1
879,0,1,,3 0 2 1
880,2,1,,3 0 2 1
881,2,1,,3 0 2 1
882,3,1,,3 0 2 1
883,0,1,,3 0 2 1
884,1,1,,3 0 2 1
885,3,1,,3 0 2 1
886,2,1,,3 0 2 1
887,2,1,,3 0 2 1
888,0,1,,3 0 2 1
889,2,1,,3 0 2 1
890,2,1,,3 0 2 1
891,2,1,,3 0 2 1
892,0,1,,3 0 2 1
893,3,1,,3 0 2 1
894,3,1,,3 0 2 1
895,0,1,,3 0 2 1
896,3,1,,3 0 2 1
897,9,0,3,0 2 1 9
898,1,1,,0 2 1 9
899,2,1,,0 2 1 9
900,1,1,,0 2 1 9
901,3,0,9,0 2 1 3
902,2,1,,0 2 1 3
903,0,1,,0 2 1 3
904,16,0,1,0 2 3 16
905,1,0,16,0 2 3 1
906,2,1,,0 2 3 1
907,2,1,,0 2 3 1
908,3,1,,0 2 3 1
909,0,1,,0 2 3 1
910,3,1,,0 2 3 1
911,2,1,,0 2 3 1
912,3,1,,0 2 3 1
913,3,1,,0 2 3 1
914,1,1,,0 2 3 1
915,2,1,,0 2 3 1
916,3,1,,0 2 3 1
917,2,1,,0 2 3 1
918,0,1,,0 2 3 1
919,0,1,,0 2 3 1
920,2,1,,0 2 3 1
921,2,1,,0 2 3 1
922,1,1,,0 2 3 1
923,3,1,,0 2 3 1
924,0,1,,0 2 3 1
925,2,1,,0 2 3 1
926,3,1,,0 2 3 1
927,1,1,,0 2 3 1
928,2,1,,0 2 3 1
929,2,1,,0 2 3 1
930,3,1,,0 2 3 1
931,2,1,,0 2 3 1
932,0,1,,0 2 3 1
933,0,1,,0 2 3 1
934,22,0,0,2 3 1 22
935,0,0,22,2 3 1 0
936,2,1,,2 3 1 0
937,1,1,,2 3 1 0
938,1,1,,2 3 1 0
939,3,1,,2 3 1 0
940,3,1,,2 3 1 0
941,1,1,,2 3 1 0
942,0,1,,2 3 1 0
943,3,1,,2 3 1 0
944,1,1,,2 3 1 0
945,1,1,,2 3 1 0
946,3,1,,2 3 1 0
947,11,0,3,2 1 0 11
948,0,1,,2 1 0 11
949,1,1,,2 1 0 11
950,3,0,11,2 1 0 3
951,2,1,,2 1 0 3
952,16,0,0,2 1 3 16
953,2,1,,2 1 3 16
954,2,1,,2 1 3 16
955,1,1,,2 1 3 16
956,20,0,16,2 1 3 20
957,2,1,,2 1 3 20
958,2,1,,2 1 3 20
959,1,1,,2 1 3 20
960,3,1,,2 1 3 20
961,2,1,,2 1 3 20
962,2,1,,2 1 3 20
963,3,1,,2 1 3 20
964,4,0,20,2 1 3 4
965,2,1,,2 1 3 4
966,6,0,4,2 1 3 6
967,2,1,,2 1 3 6
968,0,0,6,2 1 3 0
969,3,1,,2 1 3 0
970,3,1,,2 1 3 0
971,2,1,,2 1 3 0
972,12,0,0,2 1 3 12
973,1,1,,2 1 3 12
974,1,1,,2 1 3 12
975,1,1,,2 1 3 12
976,0,0,12,2 1 3 0
977,2,1,,2 1 3 0
978,0,1,,2 1 3 0
979,1,1,,2 1 3 0
980,1,1,,2 1 3 0
981,3,1,,2 1 3 0
982,1,1,,2 1 3 0
983,2,1,,2 1 3 0
984,0,1,,2 1 3 0
985,1,1,,2 1 3 0
986,1,1,,2 1 3 0
987,0,1,,2 1 3 0
988,4,0,0,2 1 3 4
989,1,1,,2 1 3 4
990,6,0,4,2 1 3 6
991,3,1,,2 1 3 6
992,1,1,,2 1 3 6
993,9,0,6,2 1 3 9
994,10,0,9,2 1 3 10
995,11,0,10,2 1 3 11
996,12,0,11,2 1 3 12
997,0,0,12,2 1 3 0
998,14,0,0,2 1 3 14
999,3,1,,2 1 3 14
1000,20,0,14,2 1 3 20
1001,17,0,20,2 1 3 17
1002,16,0,17,2 1 3 16
1003,15,0,16,2 1 3 15
1004,4,0,15,2 1 3 4
1005,16,0,4,2 1 3 16
1006,14,0,16,2 1 3 14
1007,8,0,14,2 1 3 8
1008,6,0,8,2 1 3 6
1009,3,1,,2 1 3 6
1010,10,0,6,2 1 3 10
1011,5,0,10,2 1 3 5
1012,23,0,5,2 1 3 23
1013,14,0,23,2 1 3 14
1014,20,0,14,2 1 3 20
1015,8,0,20,2 1 3 8
1016,22,0,8,2 1 3 22
1017,5,0,22,2 1 3 5
1018,0,0,5,2 1 3 0
1019,23,0,0,2 1 3 23
1020,10,0,23,2 1 3 10
1021,9,0,10,2 1 3 9
1022,18,0,9,2 1 3 18
1023,21,0,18,2 1 3 21
1024,6,0,21,2 1 3 6
1025,5,0,6,2 1 3 5
1026,19,0,5,2 1 3 19
1027,20,0,19,2 1 3 20
1028,12,0,20,2 1 3 12
1029,13,0,12,2 1 3 13
1030,16,0,13,2 1 3 16
1031,10,0,16,2 1 3 10
1032,2,1,,2 1 3 10
1033,12,0,2,1 3 10 12
1034,21,0,12,1 3 10 21
1035,3,1,,1 3 10 21
1036,5,0,3,1 10 21 5
1037,4,0,5,1 10 21 4
1038,15,0,4,1 10 21 15
1039,10,1,,1 10 21 15
1040,7,0,10,1 21 15 7
1041,0,0,7,1 21 15 0
1042,8,0,0,1 21 15 8
1043,12,0,8,1 21 15 12
1044,7,0,12,1 21 15 7
1045,14,0,7,1 21 15 14
1046,8,0,14,1 21 15 8
1047,10,0,8,1 21 15 10
1048,9,0,10,1 21 15 9
1049,18,0,9,1 21 15 18
1050,23,0,18,1 21 15 23
1051,18,0,23,1 21 15 18
1052,0,0,18,1 21 15 0
1053,8,0,0,1 21 15 8
1054,20,0,8,1 21 15 20
1055,11,0,20,1 21 15 11
1056,22,0,11,1 21 15 22
1057,7,0,22,1 21 15 7
1058,1,1,,1 21 15 7
1059,21,1,,1 21 15 7
1060,3,0,21,1 15 7 3
1061,14,0,3,1 15 7 14
1062,9,0,14,1 15 7 9
1063,5,0,9,1 15 7 5
1064,12,0,5,1 15 7 12
1065,21,0,12,1 15 7 21
1066,16,0,21,1 15 7 16
1067,22,0,16,1 15 7 22
1068,9,0,22,1 15 7 9
1069,22,0,9,1 15 7 22
1070,3,0,22,1 15 7 3
1071,20,0,3,1 15 7 20
1072,9,0,20,1 15 7 9
1073,11,0,9,1 15 7 11
1074,19,0,11,1 15 7 19
1075,7,1,,1 15 7 19
1076,7,1,,1 15 7 19
1077,4,0,7,1 15 19 4
1078,15,1,,1 15 19 4
1079,4,1,,1 15 19 4
1080,14,0,4,1 15 19 14
1081,23,0,14,1 15 19 23
1082,19,1,,1 15 19 23
1083,11,0,19,1 15 23 11
1084,13,0,11,1 15 23 13
1085,22,0,13,1 15 23 22
1086,17,0,22,1 15 23 17
1087,15,1,,1 15 23 17
1088,17,1,,1 15 23 17
1089,21,0,17,1 15 23 21
1090,6,0,21,1 15 23 6
1091,7,0,6,1 15 23 7
1092,21,0,7,1 15 23 21
1093,19,0,21,1 15 23 19
1094,2,0,19,1 15 23 2
1095,16,0,2,1 15 23 16
1096,14,0,16,1 15 23 14
1097,16,0,14,1 15 23 16
1098,22,0,16,1 15 23 22
1099,11,0,22,1 15 23 11
1100,2,0,11,1 15 23 2
1101,18,0,2,1 15 23 18
1102,3,0,18,1 15 23 3
1103,1,1,,1 15 23 3
1104,17,0,1,15 23 3 17
1105,16,0,17,15 23 3 16
1106,6,0,16,15 23 3 6
1107,18,0,6,15 23 3 18
1108,17,0,18,15 23 3 17
1109,4,0,17,15 23 3 4
1110,5,0,4,15 23 3 5
1111,10,0,5,15 23 3 10
1112,16,0,10,15 23 3 16
1113,14,0,16,15 23 3 14
1114,3,1,,15 23 3 14
1115,21,0,3,15 23 14 21
1116,6,0,21,15 23 14 6
1117,22,0,6,15 23 14 22
1118,18,0,22,15 23 14 18
1119,15,1,,15 23 14 18
1120,2,0,15,23 14 18 2
1121,16,0,2,23 14 18 16
1122,14,1,,23 14 18 16
1123,1,0,14,23 18 16 1
1124,14,0,1,23 18 16 14
1125,4,0,14,23 18 16 4
1126,16,1,,23 18 16 4
1127,13,0,16,23 18 4 13
1128,14,0,13,23 18 4 14
1129,18,1,,23 18 4 14
1130,1,0,18,23 4 14 1
1131,17,0,1,23 4 14 17
1132,14,1,,23 4 14 17
1133,21,0,14,23 4 17 21
1134,9,0,21,23 4 17 9
1135,23,1,,23 4 17 9
1136,0,0,23,4 17 9 0
1137,12,0,0,4 17 9 12
1138,8,0,12,4 17 9 8
1139,0,0,8,4 17 9 0
1140,23,0,0,4 17 9 23
1141,6,0,23,4 17 9 6
1142,18,0,6,4 17 9 18
1143,2,0,18,4 17 9 2
1144,1,0,2,4 17 9 1
1145,13,0,1,4 17 9 13
1146,11,0,13,4 17 9 11
1147,22,0,11,4 17 9 22
1148,2,0,22,4 17 9 2
1149,17,1,,4 17 9 2
1150,1,0,17,4 9 2 1
1151,2,1,,4 9 2 1
1152,15,0,2,4 9 1 15
1153,1,1,,4 9 1 15
1154,9,1,,4 9 1 15
1155,13,0,9,4 1 15 13
1156,5,0,13,4 1 15 5
1157,4,1,,4 1 15 5
1158,20,0,4,1 15 5 20
1159,23,0,20,1 15 5 23
1160,20,0,23,1 15 5 20
1161,13,0,20,1 15 5 13
1162,11,0,13,1 15 5 11
1163,12,0,11,1 15 5 12
1164,14,0,12,1 15 5 14
1165,12,0,14,1 15 5 12
1166,12,1,,1 15 5 12
1167,2,0,12,1 15 5 2
1168,21,0,2,1 15 5 21
1169,21,1,,1 15 5 21
1170,17,0,21,1 15 5 17
1171,4,0,17,1 15 5 4
1172,20,0,4,1 15 5 20
1173,11,0,20,1 15 5 11
1174,3,0,11,1 15 5 3
1175,5,1,,1 15 5 3
1176,17,0,5,1 15 3 17
1177,12,0,17,1 15 3 12
1178,16,0,12,1 15 3 16
1179,4,0,16,1 15 3 4
1180,23,0,4,1 15 3 23
1181,7,0,23,1 15 3 7
1182,0,0,7,1 15 3 0
1183,0,1,,1 15 3 0
1184,9,0,0,1 15 3 9
1185,14,0,9,1 15 3 14
1186,21,0,14,1 15 3 21
1187,23,0,21,1 15 3 23
1188,17,0,23,1 15 3 17
1189,13,0,17,1 15 3 13
1190,17,0,13,1 15 3 17
1191,12,0,17,1 15 3 12
1192,7,0,12,1 15 3 7
1193,7,1,,1 15 3 7
1194,14,0,7,1 15 3 14
1195,11,0,14,1 15 3 11
1196,4,0,11,1 15 3 4
1197,8,0,4,1 15 3 8
1198,6,0,8,1 15 3 6
1199,23,0,6,1 15 3 23
1200,3,1,,1 15 3 23
1201,1,1,,1 15 3 23
1202,21,0,1,15 3 23 21
1203,13,0,21,15 3 23 13
1204,19,0,13,15 3 23 19
1205,0,0,19,15 3 23 0
1206,7,0,0,15 3 23 7
1207,6,0,7,15 3 23 6
1208,2,0,6,15 3 23 2
1209,3,1,,15 3 23 2
1210,19,0,3,15 23 2 19
1211,1,0,19,15 23 2 1
1212,14,0,1,15 23 2 14
1213,19,0,14,15 23 2 19
1214,21,0,19,15 23 2 21
1215,22,0,21,15 23 2 22
1216,1,0,22,15 23 2 1
1217,7,0,1,15 23 2 7
1218,23,1,,15 23 2 7
1219,1,0,23,15 2 7 1
1220,12,0,1,15 2 7 12
1221,14,0,12,15 2 7 14
1222,7,1,,15 2 7 14
1223,17,0,7,15 2 14 17
1224,6,0,17,15 2 14 6
1225,1,0,6,15 2 14 1
1226,4,0,1,15 2 14 4
1227,16,0,4,15 2 14 16
1228,9,0,16,15 2 14 9
1229,7,0,9,15 2 14 7
1230,23,0,7,15 2 14 23
1231,18,0,23,15 2 14 18
1232,10,0,18,15 2 14 10
1233,18,0,10,15 2 14 18
1234,19,0,18,15 2 14 19
1235,21,0,19,15 2 14 21
1236,10,0,21,15 2 14 10
1237,7,0,10,15 2 14 7
1238,9,0,7,15 2 14 9
1239,4,0,9,15 2 14 4
1240,21,0,4,15 2 14 21
1241,16,0,21,15 2 14 16
1242,7,0,16,15 2 14 7
1243,13,0,7,15 2 14 13
1244,9,0,13,15 2 14 9
1245,8,0,9,15 2 14 8
1246,1,0,8,15 2 14 1
1247,17,0,1,15 2 14 17
1248,18,0,17,15 2 14 18
1249,23,0,18,15 2 14 23
1250,5,0,23,15 2 14 5
1251,20,0,5,15 2 14 20
1252,21,0,20,15 2 14 21
1253,13,0,21,15 2 14 13
1254,17,0,13,15 2 14 17
1255,15,1,,15 2 14 17
1256,1,0,15,2 14 17 1
1257,11,0,1,2 14 17 11
1258,20,0,11,2 14 17 20
1259,21,0,20,2 14 17 21
1260,12,0,21,2 14 17 12
1261,16,0,12,2 14 17 16
1262,10,0,16,2 14 17 10
1263,22,0,10,2 14 17 22
1264,13,0,22,2 14 17 13
1265,13,1,,2 14 17 13
1266,4,0,13,2 14 17 4
1267,9,0,4,2 14 17 9
1268,12,0,9,2 14 17 12
1269,5,0,12,2 14 17 5
1270,17,1,,2 14 17 5
1271,15,0,17,2 14 5 15
1272,7,0,15,2 14 5 7
1273,7,1,,2 14 5 7
1274,9,0,7,2 14 5 9
1275,22,0,9,2 14 5 22
1276,4,0,22,2 14 5 4
1277,14,1,,2 14 5 4
1278,1,0,14,2 5 4 1
1279,17,0,1,2 5 4 17
1280,13,0,17,2 5 4 13
1281,13,1,,2 5 4 13
1282,17,0,13,2 5 4 17
1283,16,0,17,2 5 4 16
1284,4,1,,2 5 4 16
1285,12,0,4,2 5 16 12
1286,7,0,12,2 5 16 7
1287,8,0,7,2 5 16 8
1288,6,0,8,2 5 16 6
1289,10,0,6,2 5 16 10
1290,20,0,10,2 5 16 20
1291,2,1,,2 5 16 20
1292,14,0,2,5 16 20 14
1293,11,0,14,5 16 20 11
1294,2,0,11,5 16 20 2
1295,17,0,2,5 16 20 17
1296,23,0,17,5 16 20 23
1297,6,0,23,5 16 20 6
1298,1,0,6,5 16 20 1
1299,8,0,1,5 16 20 8
1300,12,0,8,5 16 20 12
1301,21,0,12,5 16 20 21
1302,19,0,21,5 16 20 19
1303,19,1,,5 16 20 19
1304,1,0,19,5 16 20 1
1305,2,0,1,5 16 20 2
1306,6,0,2,5 16 20 6
1307,18,0,6,5 16 20 18
1308,23,0,18,5 16 20 23
1309,21,0,23,5 16 20 21
1310,17,0,21,5 16 20 17
1311,6,0,17,5 16 20 6
1312,15,0,6,5 16 20 15
1313,6,0,15,5 16 20 6
1314,10,0,6,5 16 20 10
1315,9,0,10,5 16 20 9
1316,0,0,9,5 16 20 0
1317,6,0,0,5 16 20 6
1318,6,1,,5 16 20 6
1319,23,0,6,5 16 20 23
1320,3,0,23,5 16 20 3
1321,23,0,3,5 16 20 23
1322,15,0,23,5 16 20 15
1323,7,0,15,5 16 20 7
1324,22,0,7,5 16 20 22
1325,19,0,22,5 16 20 19
1326,22,0,19,5 16 20 22
1327,6,0,22,5 16 20 6
1328,12,0,6,5 16 20 12
1329,7,0,12,5 16 20 7
1330,17,0,7,5 16 20 17
1331,10,0,17,5 16 20 10
1332,9,0,10,5 16 20 9
1333,12,0,9,5 16 20 12
1334,14,0,12,5 16 20 14
1335,17,0,14,5 16 20 17
1336,20,1,,5 16 20 17
1337,11,0,20,5 16 17 11
1338,9,0,11,5 16 17 9
1339,8,0,9,5 16 17 8
1340,11,0,8,5 16 17 11
1341,16,1,,5 16 17 11
1342,15,0,16,5 17 11 15
1343,14,0,15,5 17 11 14
1344,3,0,14,5 17 11 3
1345,23,0,3,5 17 11 23
1346,15,0,23,5 17 11 15
1347,10,0,15,5 17 11 10
1348,6,0,10,5 17 11 6
1349,11,1,,5 17 11 6
1350,10,0,11,5 17 6 10
1351,13,0,10,5 17 6 13
1352,1,0,13,5 17 6 1
1353,18,0,1,5 17 6 18
1354,7,0,18,5 17 6 7
1355,23,0,7,5 17 6 23
1356,4,0,23,5 17 6 4
1357,0,0,4,5 17 6 0
1358,8,0,0,5 17 6 8
1359,17,1,,5 17 6 8
1360,18,0,17,5 6 8 18
1361,18,1,,5 6 8 18
1362,23,0,18,5 6 8 23
1363,13,0,23,5 6 8 13
1364,9,0,13,5 6 8 9
1365,4,0,9,5 6 8 4
1366,6,1,,5 6 8 4
1367,10,0,6,5 8 4 10
1368,7,0,10,5 8 4 7
1369,12,0,7,5 8 4 12
1370,18,0,12,5 8 4 18
1371,7,0,18,5 8 4 7
1372,15,0,7,5 8 4 15
1373,17,0,15,5 8 4 17
1374,20,0,17,5 8 4 20
1375,21,0,20,5 8 4 21
1376,10,0,21,5 8 4 10
1377,8,1,,5 8 4 10
1378,15,0,8,5 4 10 15
1379,23,0,15,5 4 10 23
1380,20,0,23,5 4 10 20
1381,23,0,20,5 4 10 23
1382,15,0,23,5 4 10 15
1383,14,0,15,5 4 10 14
1384,5,1,,5 4 10 14
1385,23,0,5,4 10 14 23
1386,11,0,23,4 10 14 11
1387,5,0,11,4 10 14 5
1388,4,1,,4 10 14 5
1389,23,0,4,10 14 5 23
1390,17,0,23,10 14 5 17
1391,15,0,17,10 14 5 15
1392,5,1,,10 14 5 15
1393,17,0,5,10 14 15 17
1394,20,0,17,10 14 15 20
1395,1,0,20,10 14 15 1
1396,16,0,1,10 14 15 16
1397,1,0,16,10 14 15 1
1398,2,0,1,10 14 15 2
1399,21,0,2,10 14 15 21
1400,1,0,21,10 14 15 1
1401,0,0,1,10 14 15 0
1402,13,0,0,10 14 15 13
1403,4,0,13,10 14 15 4
1404,20,0,4,10 14 15 20
1405,7,0,20,10 14 15 7
1406,2,0,7,10 14 15 2
1407,22,0,2,10 14 15 22
1408,4,0,22,10 14 15 4
1409,0,0,4,10 14 15 0
1410,6,0,0,10 14 15 6
1411,16,0,6,10 14 15 16
1412,14,1,,10 14 15 16
1413,11,0,14,10 15 16 11
1414,1,0,11,10 15 16 1
1415,19,0,1,10 15 16 19
1416,20,0,19,10 15 16 20
1417,21,0,20,10 15 16 21
1418,19,0,21,10 15 16 19
1419,15,1,,10 15 16 19
1420,21,0,15,10 16 19 21
1421,15,0,21,10 16 19 15
1422,0,0,15,10 16 19 0
1423,0,1,,10 16 19 0
1424,17,0,0,10 16 19 17
1425,17,1,,10 16 19 17
1426,13,0,17,10 16 19 13
1427,0,0,13,10 16 19 0
1428,0,1,,10 16 19 0
1429,16,1,,10 16 19 0
1430,23,0,16,10 19 0 23
1431,8,0,23,10 19 0 8
1432,17,0,8,10 19 0 17
1433,9,0,17,10 19 0 9
1434,0,1,,10 19 0 9
1435,16,0,9,10 19 0 16
1436,22,0,16,10 19 0 22
1437,21,0,22,10 19 0 21
1438,13,0,21,10 19 0 13
1439,5,0,13,10 19 0 5
1440,3,0,5,10 19 0 3
1441,3,1,,10 19 0 3
1442,16,0,3,10 19 0 16
1443,4,0,16,10 19 0 4
1444,7,0,4,10 19 0 7
1445,6,0,7,10 19 0 6
1446,19,1,,10 19 0 6
1447,16,0,19,10 0 6 16
1448,8,0,16,10 0 6 8
1449,11,0,8,10 0 6 11
1450,8,0,11,10 0 6 8
1451,12,0,8,10 0 6 12
1452,2,0,12,10 0 6 2
1453,11,0,2,10 0 6 11
1454,12,0,11,10 0 6 12
1455,14,0,12,10 0 6 14
1456,18,0,14,10 0 6 18
1457,7,0,18,10 0 6 7
1458,22,0,7,10 0 6 22
1459,7,0,22,10 0 6 7
1460,9,0,7,10 0 6 9
1461,21,0,9,10 0 6 21
1462,2,0,21,10 0 6 2
1463,20,0,2,10 0 6 20
1464,20,1,,10 0 6 20
1465,1,0,20,10 0 6 1
1466,2,0,1,10 0 6 2
1467,12,0,2,10 0 6 12
1468,12,1,,10 0 6 12
1469,12,1,,10 0 6 12
1470,17,0,12,10 0 6 17
1471,15,0,17,10 0 6 15
1472,1,0,15,10 0 6 1
1473,20,0,1,10 0 6 20
1474,0,1,,10 0 6 20
1475,22,0,0,10 6 20 22
1476,5,0,22,10 6 20 5
1477,2,0,5,10 6 20 2
1478,15,0,2,10 6 20 15
1479,13,0,15,10 6 20 13
1480,20,1,,10 6 20 13
1481,10,1,,10 6 20 13
1482,18,0,10,6 20 13 18
1483,3,0,18,6 20 13 3
1484,16,0,3,6 20 13 16
1485,1,0,16,6 20 13 1
1486,7,0,1,6 20 13 7
1487,6,1,,6 20 13 7
1488,22,0,6,20 13 7 22
1489,18,0,22,20 13 7 18
1490,15,0,18,20 13 7 15
1491,8,0,15,20 13 7 8
1492,1,0,8,20 13 7 1
1493,2,0,1,20 13 7 2
1494,21,0,2,20 13 7 21
1495,8,0,21,20 13 7 8
1496,17,0,8,20 13 7 17
1497,18,0,17,20 13 7 18
1498,21,0,18,20 13 7 21
1499,1,0,21,20 13 7 1
1500,5,0,1,20 13 7 5
1501,10,0,5,20 13 7 10
1502,0,0,10,20 13 7 0
1503,6,0,0,20 13 7 6
1504,18,0,6,20 13 7 18
1505,4,0,18,20 13 7 4
1506,22,0,4,20 13 7 22
1507,12,0,22,20 13 7 12
1508,2,0,12,20 13 7 2
1509,9,0,2,20 13 7 9
1510,5,0,9,20 13 7 5
1511,18,0,5,20 13 7 18
1512,7,1,,20 13 7 18
1513,18,1,,20 13 7 18
1514,12,0,18,20 13 7 12
1515,21,0,12,20 13 7 21
1516,17,0,21,20 13 7 17
1517,10,0,17,20 13 7 10
1518,12,0,10,20 13 7 12
1519,23,0,12,20 13 7 23
1520,4,0,23,20 13 7 4
1521,22,0,4,20 13 7 22
1522,23,0,22,20 13 7 23
1523,2,0,23,20 13 7 2
1524,16,0,2,20 13 7 16
1525,23,0,16,20 13 7 23
1526,11,0,23,20 13 7 11
1527,1,0,11,20 13 7 1
1528,3,0,1,20 13 7 3
1529,13,1,,20 13 7 3
1530,7,1,,20 13 7 3
1531,2,0,7,20 13 3 2
1532,10,0,2,20 13 3 10
1533,19,0,10,20 13 3 19
1534,19,1,,20 13 3 19
1535,19,1,,20 13 3 19
1536,12,0,19,20 13 3 12
1537,10,0,12,20 13 3 10
1538,0,0,10,20 13 3 0
1539,20,1,,20 13 3 0
1540,8,0,20,13 3 0 8
1541,14,0,8,13 3 0 14
1542,15,0,14,13 3 0 15
1543,7,0,15,13 3 0 7
1544,11,0,7,13 3 0 11
1545,17,0,11,13 3 0 17
1546,12,0,17,13 3 0 12
1547,13,1,,13 3 0 12
1548,5,0,13,3 0 12 5
1549,21,0,5,3 0 12 21
1550,18,0,21,3 0 12 18
1551,21,0,18,3 0 12 21
1552,12,1,,3 0 12 21
1553,2,0,12,3 0 21 2
1554,19,0,2,3 0 21 19
1555,9,0,19,3 0 21 9
1556,7,0,9,3 0 21 7
1557,22,0,7,3 0 21 22
1558,2,0,22,3 0 21 2
1559,2,1,,3 0 21 2
1560,8,0,2,3 0 21 8
1561,4,0,8,3 0 21 4
1562,12,0,4,3 0 21 12
1563,22,0,12,3 0 21 22
1564,20,0,22,3 0 21 20
1565,4,0,20,3 0 21 4
1566,23,0,4,3 0 21 23
1567,12,0,23,3 0 21 12
1568,10,0,12,3 0 21 10
1569,11,0,10,3 0 21 11
1570,3,1,,3 0 21 11
1571,2,0,3,0 21 11 2
1572,0,1,,0 21 11 2
1573,9,0,0,21 11 2 9
1574,14,0,9,21 11 2 14
1575,11,1,,21 11 2 14
1576,8,0,11,21 2 14 8
1577,3,0,8,21 2 14 3
1578,4,0,3,21 2 14 4
1579,2,1,,21 2 14 4
1580,5,0,2,21 14 4 5
1581,13,0,5,21 14 4 13
1582,14,1,,21 14 4 13
1583,17,0,14,21 4 13 17
1584,17,1,,21 4 13 17
1585,16,0,17,21 4 13 16
1586,13,1,,21 4 13 16
1587,3,0,13,21 4 16 3
1588,0,0,3,21 4 16 0
1589,2,0,0,21 4 16 2
1590,11,0,2,21 4 16 11
1591,17,0,11,21 4 16 17
1592,2,0,17,21 4 16 2
1593,19,0,2,21 4 16 19
1594,19,1,,21 4 16 19
1595,10,0,19,21 4 16 10
1596,12,0,10,21 4 16 12
1597,0,0,12,21 4 16 0
1598,9,0,0,21 4 16 9
1599,13,0,9,21 4 16 13
1600,12,0,13,21 4 16 12
1601,2,0,12,21 4 16 2
1602,23,0,2,21 4 16 23
1603,17,0,23,21 4 16 17
1604,7,0,17,21 4 16 7
1605,18,0,7,21 4 16 18
1606,16,1,,21 4 16 18
1607,5,0,16,21 4 18 5
1608,21,1,,21 4 18 5
1609,12,0,21,4 18 5 12
1610,5,1,,4 18 5 12
1611,4,1,,4 18 5 12
1612,8,0,4,18 5 12 8
1613,9,0,8,18 5 12 9
1614,8,0,9,18 5 12 8
1615,15,0,8,18 5 12 15
1616,4,0,15,18 5 12 4
1617,2,0,4,18 5 12 2
1618,5,1,,18 5 12 2
1619,13,0,5,18 12 2 13
1620,8,0,13,18 12 2 8
1621,13,0,8,18 12 2 13
1622,9,0,13,18 12 2 9
1623,15,0,9,18 12 2 15
1624,2,1,,18 12 2 15
1625,11,0,2,18 12 15 11
1626,8,0,11,18 12 15 8
1627,7,0,8,18 12 15 7
1628,23,0,7,18 12 15 23
1629,20,0,23,18 12 15 20
1630,15,1,,18 12 15 20
1631,19,0,15,18 12 20 19
1632,19,1,,18 12 20 19
1633,6,0,19,18 12 20 6
1634,14,0,6,18 12 20 14
1635,3,0,14,18 12 20 3
1636,4,0,3,18 12 20 4
1637,9,0,4,18 12 20 9
1638,0,0,9,18 12 20 0
1639,12,1,,18 12 20 0
1640,10,0,12,18 20 0 10
1641,19,0,10,18 20 0 19
1642,12,0,19,18 20 0 12
1643,10,0,12,18 20 0 10
1644,14,0,10,18 20 0 14
1645,10,0,14,18 20 0 10
1646,13,0,10,18 20 0 13
1647,20,1,,18 20 0 13
1648,19,0,20,18 0 13 19
1649,4,0,19,18 0 13 4
1650,9,0,4,18 0 13 9
1651,10,0,9,18 0 13 10
1652,19,0,10,18 0 13 19
1653,22,0,19,18 0 13 22
1654,6,0,22,18 0 13 6
1655,15,0,6,18 0 13 15
1656,10,0,15,18 0 13 10
1657,5,0,10,18 0 13 5
1658,12,0,5,18 0 13 12
1659,10,0,12,18 0 13 10
1660,9,0,10,18 0 13 9
1661,23,0,9,18 0 13 23
1662,22,0,23,18 0 13 22
1663,20,0,22,18 0 13 20
1664,15,0,20,18 0 13 15
1665,18,1,,18 0 13 15
1666,7,0,18,0 13 15 7
1667,10,0,7,0 13 15 10
1668,12,0,10,0 13 15 12
1669,8,0,12,0 13 15 8
1670,12,0,8,0 13 15 12
1671,11,0,12,0 13 15 11
1672,3,0,11,0 13 15 3
1673,18,0,3,0 13 15 18
1674,6,0,18,0 13 15 6
1675,18,0,6,0 13 15 18
1676,17,0,18,0 13 15 17
1677,5,0,17,0 13 15 5
1678,21,0,5,0 13 15 21
1679,17,0,21,0 13 15 17
1680,0,1,,0 13 15 17
1681,23,0,0,13 15 17 23
1682,14,0,23,13 15 17 14
1683,22,0,14,13 15 17 22
1684,6,0,22,13 15 17 6
1685,14,0,6,13 15 17 14
1686,9,0,14,13 15 17 9
1687,22,0,9,13 15 17 22
1688,2,0,22,13 15 17 2
1689,13,1,,13 15 17 2
1690,21,0,13,15 17 2 21
1691,15,1,,15 17 2 21
1692,4,0,15,17 2 21 4
1693,20,0,4,17 2 21 20
1694,9,0,20,17 2 21 9
1695,7,0,9,17 2 21 7
1696,8,0,7,17 2 21 8
1697,21,1,,17 2 21 8
1698,4,0,21,17 2 8 4
1699,22,0,4,17 2 8 22
1700,13,0,22,17 2 8 13
1701,12,0,13,17 2 8 12
1702,2,1,,17 2 8 12
1703,14,0,2,17 8 12 14
1704,19,0,14,17 8 12 19
1705,15,0,19,17 8 12 15
1706,18,0,15,17 8 12 18
1707,12,1,,17 8 12 18
1708,17,1,,17 8 12 18
1709,16,0,17,8 12 18 16
1710,22,0,16,8 12 18 22
1711,13,0,22,8 12 18 13
1712,17,0,13,8 12 18 17
1713,1,0,17,8 12 18 1
1714,11,0,1,8 12 18 11
1715,22,0,11,8 12 18 22
1716,17,0,22,8 12 18 17
1717,19,0,17,8 12 18 19
1718,20,0,19,8 12 18 20
1719,2,0,20,8 12 18 2
1720,3,0,2,8 12 18 3
1721,7,0,3,8 12 18 7
1722,21,0,7,8 12 18 21
1723,21,1,,8 12 18 21
1724,11,0,21,8 12 18 11
1725,5,0,11,8 12 18 5
1726,20,0,5,8 12 18 20
1727,19,0,20,8 12 18 19
1728,1,0,19,8 12 18 1
1729,18,1,,8 12 18 1
1730,20,0,18,8 12 1 20
1731,21,0,20,8 12 1 21
1732,20,0,21,8 12 1 20
1733,12,1,,8 12 1 20
1734,10,0,12,8 1 20 10
1735,13,0,10,8 1 20 13
1736,3,0,13,8 1 20 3
1737,0,0,3,8 1 20 0
1738,3,0,0,8 1 20 3
1739,8,1,,8 1 20 3
1740,7,0,8,1 20 3 7
1741,16,0,7,1 20 3 16
1742,23,0,16,1 20 3 23
1743,16,0,23,1 20 3 16
1744,17,0,16,1 20 3 17
1745,18,0,17,1 20 3 18
1746,22,0,18,1 20 3 22
1747,18,0,22,1 20 3 18
1748,7,0,18,1 20 3 7
1749,14,0,7,1 20 3 14
1750,11,0,14,1 20 3 11
1751,12,0,11,1 20 3 12
1752,14,0,12,1 20 3 14
1753,21,0,14,1 20 3 21
1754,18,0,21,1 20 3 18
1755,22,0,18,1 20 3 22
1756,16,0,22,1 20 3 16
1757,4,0,16,1 20 3 4
1758,11,0,4,1 20 3 11
1759,0,0,11,1 20 3 0
1760,15,0,0,1 20 3 15
1761,3,1,,1 20 3 15
1762,9,0,15,1 20 3 9
1763,13,0,9,1 20 3 13
1764,2,0,13,1 20 3 2
1765,3,1,,1 20 3 2
1766,23,0,3,1 20 2 23
1767,4,0,23,1 20 2 4
1768,11,0,4,1 20 2 11
1769,9,0,11,1 20 2 9
1770,10,0,9,1 20 2 10
1771,14,0,10,1 20 2 14
1772,6,0,14,1 20 2 6
1773,16,0,6,1 20 2 16
1774,15,0,16,1 20 2 15
1775,11,0,15,1 20 2 11
1776,15,0,11,1 20 2 15
1777,3,0,15,1 20 2 3
1778,14,0,3,1 20 2 14
1779,23,0,14,1 20 2 23
1780,22,0,23,1 20 2 22
1781,14,0,22,1 20 2 14
1782,10,0,14,1 20 2 10
1783,2,1,,1 20 2 10
1784,9,0,2,1 20 10 9
1785,1,1,,1 20 10 9
1786,22,0,1,20 10 9 22
1787,3,0,22,20 10 9 3
1788,0,0,3,20 10 9 0
1789,10,1,,20 10 9 0
1790,20,1,,20 10 9 0
1791,3,0,20,10 9 0 3
1792,21,0,3,10 9 0 21
1793,5,0,21,10 9 0 5
1794,23,0,5,10 9 0 23
1795,7,0,23,10 9 0 7
1796,16,0,7,10 9 0 16
1797,5,0,16,10 9 0 5
1798,17,0,5,10 9 0 17
1799,5,0,17,10 9 0 5
1800,10,1,,10 9 0 5
1801,17,0,10,9 0 5 17
1802,13,0,17,9 0 5 13
1803,14,0,13,9 0 5 14
1804,7,0,14,9 0 5 7
1805,12,0,7,9 0 5 12
1806,20,0,12,9 0 5 20
1807,5,1,,9 0 5 20
1808,5,1,,9 0 5 20
1809,20,1,,9 0 5 20
1810,21,0,20,9 0 5 21
1811,13,0,21,9 0 5 13
1812,12,0,13,9 0 5 12
1813,0,1,,9 0 5 12
1814,23,0,0,9 5 12 23
1815,19,0,23,9 5 12 19
1816,6,0,19,9 5 12 6
1817,14,0,6,9 5 12 14
1818,18,0,14,9 5 12 18
1819,13,0,18,9 5 12 13
1820,12,1,,9 5 12 13
1821,0,0,12,9 5 13 0
1822,22,0,0,9 5 13 22
1823,6,0,22,9 5 13 6
1824,6,1,,9 5 13 6
1825,8,0,6,9 5 13 8
1826,22,0,8,9 5 13 22
1827,2,0,22,9 5 13 2
1828,18,0,2,9 5 13 18
1829,3,0,18,9 5 13 3
1830,17,0,3,9 5 13 17
1831,5,1,,9 5 13 17
1832,11,0,5,9 13 17 11
1833,10,0,11,9 13 17 10
1834,6,0,10,9 13 17 6
1835,14,0,6,9 13 17 14
1836,3,0,14,9 13 17 3
1837,8,0,3,9 13 17 8
1838,21,0,8,9 13 17 21
1839,15,0,21,9 13 17 15
1840,16,0,15,9 13 17 16
1841,20,0,16,9 13 17 20
1842,10,0,20,9 13 17 10
1843,19,0,10,9 13 17 19
1844,12,0,19,9 13 17 12
1845,19,0,12,9 13 17 19
1846,12,0,19,9 13 17 12
1847,18,0,12,9 13 17 18
1848,3,0,18,9 13 17 3
1849,11,0,3,9 13 17 11
1850,11,1,,9 13 17 11
1851,14,0,11,9 13 17 14
1852,19,0,14,9 13 17 19
1853,5,0,19,9 13 17 5
1854,21,0,5,9 13 17 21
1855,22,0,21,9 13 17 22
1856,9,1,,9 13 17 22
1857,19,0,9,13 17 22 19
1858,18,0,19,13 17 22 18
1859,2,0,18,13 17 22 2
1860,21,0,2,13 17 22 21
1861,4,0,21,13 17 22 4
1862,10,0,4,13 17 22 10
1863,3,0,10,13 17 22 3
1864,7,0,3,13 17 22 7
1865,9,0,7,13 17 22 9
1866,3,0,9,13 17 22 3
1867,5,0,3,13 17 22 5
1868,11,0,5,13 17 22 11
1869,22,1,,13 17 22 11
1870,4,0,22,13 17 11 4
1871,16,0,4,13 17 11 16
1872,12,0,16,13 17 11 12
1873,13,1,,13 17 11 12
1874,19,0,13,17 11 12 19
1875,4,0,19,17 11 12 4
1876,18,0,4,17 11 12 18
1877,12,1,,17 11 12 18
1878,13,0,12,17 11 18 13
1879,5,0,13,17 11 18 5
1880,15,0,5,17 11 18 15
1881,20,0,15,17 11 18 20
1882,17,1,,17 11 18 20
1883,22,0,17,11 18 20 22
1884,20,1,,11 18 20 22
1885,5,0,20,11 18 22 5
1886,17,0,5,11 18 22 17
1887,5,0,17,11 18 22 5
1888,15,0,5,11 18 22 15
1889,9,0,15,11 18 22 9
1890,4,0,9,11 18 22 4
1891,5,0,4,11 18 22 5
1892,10,0,5,11 18 22 10
1893,14,0,10,11 18 22 14
1894,19,0,14,11 18 22 19
1895,1,0,19,11 18 22 1
1896,11,1,,11 18 22 1
1897,0,0,1,11 18 22 0
1898,15,0,0,11 18 22 15
1899,4,0,15,11 18 22 4
1900,6,0,4,11 18 22 6
1901,12,0,6,11 18 22 12
1902,17,0,12,11 18 22 17
1903,16,0,17,11 18 22 16
1904,20,0,16,11 18 22 20
1905,15,0,20,11 18 22 15
1906,13,0,15,11 18 22 13
1907,21,0,13,11 18 22 21
1908,15,0,21,11 18 22 15
1909,13,0,15,11 18 22 13
1910,22,1,,11 18 22 13
1911,14,0,22,11 18 13 14
1912,15,0,14,11 18 13 15
1913,5,0,15,11 18 13 5
1914,2,0,5,11 18 13 2
1915,18,1,,11 18 13 2
1916,0,0,18,11 13 2 0
1917,7,0,0,11 13 2 7
1918,9,0,7,11 13 2 9
1919,1,0,9,11 13 2 1
1920,8,0,1,11 13 2 8
1921,7,0,8,11 13 2 7
1922,17,0,7,11 13 2 17
1923,9,0,17,11 13 2 9
1924,5,0,9,11 13 2 5
1925,14,0,5,11 13 2 14
1926,18,0,14,11 13 2 18
1927,23,0,18,11 13 2 23
1928,15,0,23,11 13 2 15
1929,17,0,15,11 13 2 17
1930,16,0,17,11 13 2 16
1931,3,0,16,11 13 2 3
1932,18,0,3,11 13 2 18
1933,3,0,18,11 13 2 3
1934,8,0,3,11 13 2 8
1935,17,0,8,11 13 2 17
1936,11,1,,11 13 2 17
1937,17,1,,11 13 2 17
1938,1,0,17,11 13 2 1
1939,23,0,1,11 13 2 23
1940,14,0,23,11 13 2 14
1941,17,0,14,11 13 2 17
1942,6,0,17,11 13 2 6
1943,13,1,,11 13 2 6
1944,3,0,13,11 2 6 3
1945,23,0,3,11 2 6 23
1946,20,0,23,11 2 6 20
1947,7,0,20,11 2 6 7
1948,9,0,7,11 2 6 9
1949,1,0,9,11 2 6 1
1950,14,0,1,11 2 6 14
1951,8,0,14,11 2 6 8
1952,11,1,,11 2 6 8
1953,2,1,,11 2 6 8
1954,14,0,2,11 6 8 14
1955,3,0,14,11 6 8 3
1956,7,0,3,11 6 8 7
1957,6,1,,11 6 8 7
1958,23,0,6,11 8 7 23
1959,18,0,23,11 8 7 18
1960,22,0,18,11 8 7 22
1961,11,1,,11 8 7 22
1962,22,1,,11 8 7 22
1963,19,0,22,11 8 7 19
1964,20,0,19,11 8 7 20
1965,13,0,20,11 8 7 13
1966,5,0,13,11 8 7 5
1967,19,0,5,11 8 7 19
1968,4,0,19,11 8 7 4
1969,6,0,4,11 8 7 6
1970,6,1,,11 8 7 6
1971,1,0,6,11 8 7 1
1972,18,0,1,11 8 7 18
1973,11,1,,11 8 7 18
1974,17,0,11,8 7 18 17
1975,8,1,,8 7 18 17
1976,19,0,8,7 18 17 19
1977,17,1,,7 18 17 19
1978,5,0,17,7 18 19 5
1979,10,0,5,7 18 19 10
1980,22,0,10,7 18 19 22
1981,9,0,22,7 18 19 9
1982,9,1,,7 18 19 9
1983,18,1,,7 18 19 9
1984,8,0,18,7 19 9 8
1985,16,0,8,7 19 9 16
1986,21,0,16,7 19 9 21
1987,3,0,21,7 19 9 3
1988,4,0,3,7 19 9 4
1989,13,0,4,7 19 9 13
1990,1,0,13,7 19 9 1
1991,8,0,1,7 19 9 8
1992,20,0,8,7 19 9 20
1993,4,0,20,7 19 9 4
1994,22,0,4,7 19 9 22
1995,4,0,22,7 19 9 4
1996,7,1,,7 19 9 4
1997,4,1,,7 19 9 4
1998,22,0,4,7 19 9 22
1999,10,0,22,7 19 9 10
