step,page,phase
0,0,before
1,1,before
2,0,before
3,0,before
4,0,before
5,1,before
6,0,before
7,3,before
8,2,before
9,0,before
10,1,before
11,2,before
12,1,before
13,13,before
14,0,before
15,2,before
16,2,before
17,3,before
18,3,before
19,2,before
20,2,before
21,0,before
22,1,before
23,0,before
24,0,before
25,1,before
26,3,before
27,2,before
28,2,before
29,2,before
30,0,before
31,1,before
32,1,before
33,3,before
34,1,before
35,0,before
36,0,before
37,3,before
38,1,before
39,15,before
40,2,before
41,3,before
42,3,before
43,1,before
44,2,before
45,3,before
46,22,before
47,1,before
48,0,before
49,3,before
50,0,before
51,3,before
52,1,before
53,3,before
54,3,before
55,3,before
56,0,before
57,0,before
58,2,before
59,2,before
60,3,before
61,0,before
62,14,before
63,15,before
64,1,before
65,0,before
66,18,before
67,1,before
68,1,before
69,0,before
70,3,before
71,2,before
72,0,before
73,2,before
74,1,before
75,3,before
76,4,before
77,3,before
78,1,before
79,3,before
80,8,before
81,3,before
82,10,before
83,11,before
84,1,before
85,3,before
86,14,before
87,3,before
88,16,before
89,1,before
90,2,before
91,1,before
92,0,before
93,0,before
94,0,before
95,23,before
96,1,before
97,3,before
98,1,before
99,3,before
100,3,before
101,1,before
102,3,before
103,3,before
104,0,before
105,0,before
106,2,before
107,0,before
108,1,before
109,1,before
110,2,before
111,0,before
112,0,before
113,0,before
114,18,before
115,19,before
116,1,before
117,3,before
118,3,before
119,23,before
120,0,before
121,1,before
122,3,before
123,3,before
124,2,before
125,0,before
126,0,before
127,0,before
128,3,before
129,1,before
130,0,before
131,11,before
132,0,before
133,1,before
134,1,before
135,0,before
136,3,before
137,2,before
138,18,before
139,2,before
140,3,before
141,2,before
142,0,before
143,0,before
144,1,before
145,1,before
146,2,before
147,3,before
148,4,before
149,1,before
150,2,before
151,0,before
152,2,before
153,9,before
154,1,before
155,0,before
156,1,before
157,1,before
158,1,before
159,2,before
160,2,before
161,17,before
162,0,before
163,2,before
164,2,before
165,2,before
166,3,before
167,3,before
168,0,before
169,1,before
170,2,before
171,1,before
172,0,before
173,0,before
174,6,before
175,1,before
176,2,before
177,3,before
178,10,before
179,1,before
180,12,before
181,13,before
182,3,before
183,2,before
184,3,before
185,1,before
186,0,before
187,0,before
188,20,before
189,3,before
190,1,before
191,1,before
192,2,before
193,1,before
194,2,before
195,3,before
196,2,before
197,5,before
198,2,before
199,2,before
200,3,before
201,2,before
202,0,before
203,1,before
204,3,before
205,1,before
206,0,before
207,15,before
208,16,before
209,0,before
210,2,before
211,3,before
212,2,before
213,1,before
214,3,before
215,1,before
216,2,before
217,0,before
218,1,before
219,2,before
220,3,before
221,3,before
222,1,before
223,2,before
224,2,before
225,1,before
226,1,before
227,1,before
228,1,before
229,13,before
230,0,before
231,1,before
232,3,before
233,1,before
234,0,before
235,19,before
236,20,before
237,21,before
238,1,before
239,3,before
240,1,before
241,1,before
242,1,before
243,2,before
244,4,before
245,5,before
246,3,before
247,3,before
248,8,before
249,3,before
250,1,before
251,2,before
252,3,before
253,2,before
254,2,before
255,2,before
256,0,before
257,1,before
258,1,before
259,0,before
260,2,before
261,3,before
262,3,before
263,0,before
264,0,before
265,3,before
266,2,before
267,3,before
268,4,before
269,5,before
270,1,before
271,2,before
272,0,before
273,3,before
274,3,before
275,11,before
276,12,before
277,3,before
278,0,before
279,3,before
280,3,before
281,2,before
282,1,before
283,2,before
284,3,before
285,3,before
286,0,before
287,0,before
288,0,before
289,0,before
290,0,before
291,1,before
292,0,before
293,1,before
294,0,before
295,1,before
296,2,before
297,1,before
298,0,before
299,1,before
300,12,before
301,0,before
302,14,before
303,3,before
304,1,before
305,1,before
306,2,before
307,19,before
308,0,before
309,0,before
310,3,before
311,0,before
312,2,before
313,3,before
314,0,before
315,2,before
316,3,before
317,3,before
318,2,before
319,3,before
320,2,before
321,1,before
322,0,before
323,3,before
324,3,before
325,3,before
326,3,before
327,15,before
328,1,before
329,2,before
330,2,before
331,1,before
332,3,before
333,1,before
334,3,before
335,0,before
336,1,before
337,1,before
338,2,before
339,2,before
340,2,before
341,3,before
342,2,before
343,1,before
344,1,before
345,3,before
346,2,before
347,11,before
348,2,before
349,1,before
350,1,before
351,0,before
352,1,before
353,3,before
354,0,before
355,3,before
356,2,before
357,0,before
358,3,before
359,0,before
360,0,before
361,0,before
362,2,before
363,1,before
364,3,before
365,1,before
366,3,before
367,3,before
368,3,before
369,0,before
370,0,before
371,11,before
372,1,before
373,0,before
374,1,before
375,1,before
376,3,before
377,3,before
378,1,before
379,2,before
380,3,before
381,1,before
382,22,before
383,1,before
384,1,before
385,2,before
386,0,before
387,2,before
388,2,before
389,3,before
390,3,before
391,7,before
392,3,before
393,0,before
394,10,before
395,2,before
396,1,before
397,13,before
398,0,before
399,15,before
400,2,before
401,1,before
402,3,before
403,19,before
404,3,before
405,3,before
406,22,before
407,3,before
408,0,before
409,1,before
410,3,before
411,3,before
412,0,before
413,2,before
414,0,before
415,7,before
416,0,before
417,3,before
418,1,before
419,3,before
420,0,before
421,1,before
422,14,before
423,3,before
424,1,before
425,2,before
426,3,before
427,0,before
428,0,before
429,1,before
430,2,before
431,2,before
432,3,before
433,1,before
434,1,before
435,1,before
436,4,before
437,3,before
438,2,before
439,2,before
440,3,before
441,9,before
442,3,before
443,3,before
444,2,before
445,13,before
446,14,before
447,3,before
448,3,before
449,3,before
450,3,before
451,1,before
452,0,before
453,2,before
454,22,before
455,23,before
456,3,before
457,1,before
458,1,before
459,2,before
460,3,before
461,2,before
462,6,before
463,7,before
464,2,before
465,3,before
466,10,before
467,0,before
468,2,before
469,13,before
470,3,before
471,15,before
472,0,before
473,2,before
474,18,before
475,0,before
476,2,before
477,1,before
478,1,before
479,0,before
480,3,before
481,1,before
482,1,before
483,2,before
484,0,before
485,5,before
486,2,before
487,1,before
488,2,before
489,9,before
490,3,before
491,3,before
492,1,before
493,13,before
494,14,before
495,3,before
496,2,before
497,17,before
498,3,before
499,0,before
500,20,before
501,2,before
502,1,before
503,2,before
504,1,before
505,1,before
506,0,before
507,3,before
508,2,before
509,0,before
510,6,before
511,3,before
512,1,before
513,2,before
514,2,before
515,2,before
516,12,before
517,13,before
518,14,before
519,2,before
520,3,before
521,17,before
522,1,before
523,19,before
524,3,before
525,21,before
526,2,before
527,3,before
528,0,before
529,2,before
530,2,before
531,1,before
532,2,before
533,5,before
534,0,before
535,3,before
536,8,before
537,3,before
538,0,before
539,11,before
540,3,before
541,1,before
542,14,before
543,3,before
544,3,before
545,1,before
546,18,before
547,3,before
548,2,before
549,2,before
550,3,before
551,23,before
552,0,before
553,2,before
554,2,before
555,2,before
556,0,before
557,5,before
558,0,before
559,0,before
560,2,before
561,1,before
562,1,before
563,1,before
564,1,before
565,1,before
566,0,before
567,1,before
568,16,before
569,1,before
570,0,before
571,2,before
572,1,before
573,0,before
574,0,before
575,3,before
576,0,before
577,2,before
578,0,before
579,1,before
580,4,before
581,2,before
582,0,before
583,3,before
584,3,before
585,3,before
586,3,before
587,0,before
588,1,before
589,2,before
590,2,before
591,2,before
592,3,before
593,0,before
594,18,before
595,1,before
596,1,before
597,3,before
598,0,before
599,2,before
600,2,before
601,1,before
602,3,before
603,0,before
604,0,before
605,2,before
606,0,before
607,2,before
608,3,before
609,3,before
610,10,before
611,2,before
612,2,before
613,1,before
614,3,before
615,0,before
616,2,before
617,2,before
618,3,before
619,0,before
620,2,before
621,2,before
622,2,before
623,23,before
624,1,before
625,1,before
626,3,before
627,0,before
628,1,before
629,3,before
630,2,before
631,2,before
632,0,before
633,9,before
634,0,before
635,2,before
636,3,before
637,3,before
638,1,before
639,0,before
640,0,before
641,3,before
642,2,before
643,3,before
644,20,before
645,1,before
646,1,before
647,2,before
648,0,before
649,3,before
650,3,before
651,1,before
652,2,before
653,0,before
654,3,before
655,7,before
656,8,before
657,3,before
658,3,before
659,3,before
660,2,before
661,3,before
662,2,before
663,0,before
664,3,before
665,3,before
666,18,before
667,1,before
668,1,before
669,0,before
670,1,before
671,23,before
672,1,before
673,1,before
674,1,before
675,0,before
676,3,before
677,3,before
678,2,before
679,7,before
680,1,before
681,3,before
682,2,before
683,0,before
684,0,before
685,3,before
686,2,before
687,0,before
688,0,before
689,3,before
690,0,before
691,1,before
692,3,before
693,0,before
694,2,before
695,23,before
696,1,before
697,3,before
698,2,before
699,1,before
700,2,before
701,2,before
702,0,before
703,2,before
704,0,before
705,3,before
706,1,before
707,1,before
708,12,before
709,3,before
710,0,before
711,3,before
712,2,before
713,0,before
714,3,before
715,0,before
716,1,before
717,21,before
718,3,before
719,1,before
720,2,before
721,0,before
722,0,before
723,1,before
724,1,before
725,1,before
726,0,before
727,1,before
728,8,before
729,3,before
730,1,before
731,3,before
732,12,before
733,3,before
734,2,before
735,3,before
736,16,before
737,1,before
738,18,before
739,3,before
740,20,before
741,0,before
742,0,before
743,1,before
744,1,before
745,0,before
746,2,before
747,3,before
748,4,before
749,5,before
750,3,before
751,1,before
752,0,before
753,0,before
754,0,before
755,2,before
756,1,before
757,3,before
758,1,before
759,3,before
760,0,before
761,17,before
762,1,before
763,3,before
764,2,before
765,0,before
766,3,before
767,3,before
768,3,before
769,0,before
770,1,before
771,2,before
772,2,before
773,3,before
774,0,before
775,2,before
776,0,before
777,3,before
778,3,before
779,11,before
780,0,before
781,0,before
782,0,before
783,2,before
784,2,before
785,1,before
786,3,before
787,19,before
788,1,before
789,0,before
790,3,before
791,1,before
792,1,before
793,1,before
794,2,before
795,3,before
796,1,before
797,0,before
798,6,before
799,0,before
800,3,before
801,9,before
802,3,before
803,1,before
804,3,before
805,2,before
806,3,before
807,1,before
808,2,before
809,2,before
810,2,before
811,3,before
812,3,before
813,0,before
814,2,before
815,3,before
816,0,before
817,3,before
818,1,before
819,3,before
820,3,before
821,0,before
822,2,before
823,0,before
824,3,before
825,9,before
826,0,before
827,2,before
828,2,before
829,0,before
830,1,before
831,3,before
832,16,before
833,2,before
834,1,before
835,19,before
836,3,before
837,1,before
838,22,before
839,3,before
840,0,before
841,2,before
842,0,before
843,2,before
844,4,before
845,5,before
846,1,before
847,1,before
848,1,before
849,1,before
850,0,before
851,2,before
852,1,before
853,0,before
854,3,before
855,15,before
856,3,before
857,0,before
858,2,before
859,3,before
860,2,before
861,1,before
862,1,before
863,0,before
864,1,before
865,1,before
866,1,before
867,2,before
868,2,before
869,2,before
870,2,before
871,0,before
872,1,before
873,1,before
874,2,before
875,0,before
876,0,before
877,2,before
878,3,before
879,0,before
880,2,before
881,2,before
882,3,before
883,0,before
884,1,before
885,3,before
886,2,before
887,2,before
888,0,before
889,2,before
890,2,before
891,2,before
892,0,before
893,3,before
894,3,before
895,0,before
896,3,before
897,9,before
898,1,before
899,2,before
900,1,before
901,3,before
902,2,before
903,0,before
904,16,before
905,1,before
906,2,before
907,2,before
908,3,before
909,0,before
910,3,before
911,2,before
912,3,before
913,3,before
914,1,before
915,2,before
916,3,before
917,2,before
918,0,before
919,0,before
920,2,before
921,2,before
922,1,before
923,3,before
924,0,before
925,2,before
926,3,before
927,1,before
928,2,before
929,2,before
930,3,before
931,2,before
932,0,before
933,0,before
934,22,before
935,0,before
936,2,before
937,1,before
938,1,before
939,3,before
940,3,before
941,1,before
942,0,before
943,3,before
944,1,before
945,1,before
946,3,before
947,11,before
948,0,before
949,1,before
950,3,before
951,2,before
952,16,before
953,2,before
954,2,before
955,1,before
956,20,before
957,2,before
958,2,before
959,1,before
960,3,before
961,2,before
962,2,before
963,3,before
964,4,before
965,2,before
966,6,before
967,2,before
968,0,before
969,3,before
970,3,before
971,2,before
972,12,before
973,1,before
974,1,before
975,1,before
976,0,before
977,2,before
978,0,before
979,1,before
980,1,before
981,3,before
982,1,before
983,2,before
984,0,before
985,1,before
986,1,before
987,0,before
988,4,before
989,1,before
990,6,before
991,3,before
992,1,before
993,9,before
994,10,before
995,11,before
996,12,before
997,0,before
998,14,before
999,3,before
1000,20,after
1001,17,after
1002,16,after
1003,15,after
1004,4,after
1005,16,after
1006,14,after
1007,8,after
1008,6,after
1009,3,after
1010,10,after
1011,5,after
1012,23,after
1013,14,after
1014,20,after
1015,8,after
1016,22,after
1017,5,after
1018,0,after
1019,23,after
1020,10,after
1021,9,after
1022,18,after
1023,21,after
1024,6,after
1025,5,after
1026,19,after
1027,20,after
1028,12,after
1029,13,after
1030,16,after
1031,10,after
1032,2,after
1033,12,after
1034,21,after
1035,3,after
1036,5,after
1037,4,after
1038,15,after
1039,10,after
1040,7,after
1041,0,after
1042,8,after
1043,12,after
1044,7,after
1045,14,after
1046,8,after
1047,10,after
1048,9,after
1049,18,after
1050,23,after
1051,18,after
1052,0,after
1053,8,after
1054,20,after
1055,11,after
1056,22,after
1057,7,after
1058,1,after
1059,21,after
1060,3,after
1061,14,after
1062,9,after
1063,5,after
1064,12,after
1065,21,after
1066,16,after
1067,22,after
1068,9,after
1069,22,after
1070,3,after
1071,20,after
1072,9,after
1073,11,after
1074,19,after
1075,7,after
1076,7,after
1077,4,after
1078,15,after
1079,4,after
1080,14,after
1081,23,after
1082,19,after
1083,11,after
1084,13,after
1085,22,after
1086,17,after
1087,15,after
1088,17,after
1089,21,after
1090,6,after
1091,7,after
1092,21,after
1093,19,after
1094,2,after
1095,16,after
1096,14,after
1097,16,after
1098,22,after
1099,11,after
1100,2,after
1101,18,after
1102,3,after
1103,1,after
1104,17,after
1105,16,after
1106,6,after
1107,18,after
1108,17,after
1109,4,after
1110,5,after
1111,10,after
1112,16,after
1113,14,after
1114,3,after
1115,21,after
1116,6,after
1117,22,after
1118,18,after
1119,15,after
1120,2,after
1121,16,after
1122,14,after
1123,1,after
1124,14,after
1125,4,after
1126,16,after
1127,13,after
1128,14,after
1129,18,after
1130,1,after
1131,17,after
1132,14,after
1133,21,after
1134,9,after
1135,23,after
1136,0,after
1137,12,after
1138,8,after
1139,0,after
1140,23,after
1141,6,after
1142,18,after
1143,2,after
1144,1,after
1145,13,after
1146,11,after
1147,22,after
1148,2,after
1149,17,after
1150,1,after
1151,2,after
1152,15,after
1153,1,after
1154,9,after
1155,13,after
1156,5,after
1157,4,after
1158,20,after
1159,23,after
1160,20,after
1161,13,after
1162,11,after
1163,12,after
1164,14,after
1165,12,after
1166,12,after
1167,2,after
1168,21,after
1169,21,after
1170,17,after
1171,4,after
1172,20,after
1173,11,after
1174,3,after
1175,5,after
1176,17,after
1177,12,after
1178,16,after
1179,4,after
1180,23,after
1181,7,after
1182,0,after
1183,0,after
1184,9,after
1185,14,after
1186,21,after
1187,23,after
1188,17,after
1189,13,after
1190,17,after
1191,12,after
1192,7,after
1193,7,after
1194,14,after
1195,11,after
1196,4,after
1197,8,after
1198,6,after
1199,23,after
1200,3,after
1201,1,after
1202,21,after
1203,13,after
1204,19,after
1205,0,after
1206,7,after
1207,6,after
1208,2,after
1209,3,after
1210,19,after
1211,1,after
1212,14,after
1213,19,after
1214,21,after
1215,22,after
1216,1,after
1217,7,after
1218,23,after
1219,1,after
1220,12,after
1221,14,after
1222,7,after
1223,17,after
1224,6,after
1225,1,after
1226,4,after
1227,16,after
1228,9,after
1229,7,after
1230,23,after
1231,18,after
1232,10,after
1233,18,after
1234,19,after
1235,21,after
1236,10,after
1237,7,after
1238,9,after
1239,4,after
1240,21,after
1241,16,after
1242,7,after
1243,13,after
1244,9,after
1245,8,after
1246,1,after
1247,17,after
1248,18,after
1249,23,after
1250,5,after
1251,20,after
1252,21,after
1253,13,after
1254,17,after
1255,15,after
1256,1,after
1257,11,after
1258,20,after
1259,21,after
1260,12,after
1261,16,after
1262,10,after
1263,22,after
1264,13,after
1265,13,after
1266,4,after
1267,9,after
1268,12,after
1269,5,after
1270,17,after
1271,15,after
1272,7,after
1273,7,after
1274,9,after
1275,22,after
1276,4,after
1277,14,after
1278,1,after
1279,17,after
1280,13,after
1281,13,after
1282,17,after
1283,16,after
1284,4,after
1285,12,after
1286,7,after
1287,8,after
1288,6,after
1289,10,after
1290,20,after
1291,2,after
1292,14,after
1293,11,after
1294,2,after
1295,17,after
1296,23,after
1297,6,after
1298,1,after
1299,8,after
1300,12,after
1301,21,after
1302,19,after
1303,19,after
1304,1,after
1305,2,after
1306,6,after
1307,18,after
1308,23,after
1309,21,after
1310,17,after
1311,6,after
1312,15,after
1313,6,after
1314,10,after
1315,9,after
1316,0,after
1317,6,after
1318,6,after
1319,23,after
1320,3,after
1321,23,after
1322,15,after
1323,7,after
1324,22,after
1325,19,after
1326,22,after
1327,6,after
1328,12,after
1329,7,after
1330,17,after
1331,10,after
1332,9,after
1333,12,after
1334,14,after
1335,17,after
1336,20,after
1337,11,after
1338,9,after
1339,8,after
1340,11,after
1341,16,after
1342,15,after
1343,14,after
1344,3,after
1345,23,after
1346,15,after
1347,10,after
1348,6,after
1349,11,after
1350,10,after
1351,13,after
1352,1,after
1353,18,after
1354,7,after
1355,23,after
1356,4,after
1357,0,after
1358,8,after
1359,17,after
1360,18,after
1361,18,after
1362,23,after
1363,13,after
1364,9,after
1365,4,after
1366,6,after
1367,10,after
1368,7,after
1369,12,after
1370,18,after
1371,7,after
1372,15,after
1373,17,after
1374,20,after
1375,21,after
1376,10,after
1377,8,after
1378,15,after
1379,23,after
1380,20,after
1381,23,after
1382,15,after
1383,14,after
1384,5,after
1385,23,after
1386,11,after
1387,5,after
1388,4,after
1389,23,after
1390,17,after
1391,15,after
1392,5,after
1393,17,after
1394,20,after
1395,1,after
1396,16,after
1397,1,after
1398,2,after
1399,21,after
1400,1,after
1401,0,after
1402,13,after
1403,4,after
1404,20,after
1405,7,after
1406,2,after
1407,22,after
1408,4,after
1409,0,after
1410,6,after
1411,16,after
1412,14,after
1413,11,after
1414,1,after
1415,19,after
1416,20,after
1417,21,after
1418,19,after
1419,15,after
1420,21,after
1421,15,after
1422,0,after
1423,0,after
1424,17,after
1425,17,after
1426,13,after
1427,0,after
1428,0,after
1429,16,after
1430,23,after
1431,8,after
1432,17,after
1433,9,after
1434,0,after
1435,16,after
1436,22,after
1437,21,after
1438,13,after
1439,5,after
1440,3,after
1441,3,after
1442,16,after
1443,4,after
1444,7,after
1445,6,after
1446,19,after
1447,16,after
1448,8,after
1449,11,after
1450,8,after
1451,12,after
1452,2,after
1453,11,after
1454,12,after
1455,14,after
1456,18,after
1457,7,after
1458,22,after
1459,7,after
1460,9,after
1461,21,after
1462,2,after
1463,20,after
1464,20,after
1465,1,after
1466,2,after
1467,12,after
1468,12,after
1469,12,after
1470,17,after
1471,15,after
1472,1,after
1473,20,after
1474,0,after
1475,22,after
1476,5,after
1477,2,after
1478,15,after
1479,13,after
1480,20,after
1481,10,after
1482,18,after
1483,3,after
1484,16,after
1485,1,after
1486,7,after
1487,6,after
1488,22,after
1489,18,after
1490,15,after
1491,8,after
1492,1,after
1493,2,after
1494,21,after
1495,8,after
1496,17,after
1497,18,after
1498,21,after
1499,1,after
1500,5,after
1501,10,after
1502,0,after
1503,6,after
1504,18,after
1505,4,after
1506,22,after
1507,12,after
1508,2,after
1509,9,after
1510,5,after
1511,18,after
1512,7,after
1513,18,after
1514,12,after
1515,21,after
1516,17,after
1517,10,after
1518,12,after
1519,23,after
1520,4,after
1521,22,after
1522,23,after
1523,2,after
1524,16,after
1525,23,after
1526,11,after
1527,1,after
1528,3,after
1529,13,after
1530,7,after
1531,2,after
1532,10,after
1533,19,after
1534,19,after
1535,19,after
1536,12,after
1537,10,after
1538,0,after
1539,20,after
1540,8,after
1541,14,after
1542,15,after
1543,7,after
1544,11,after
1545,17,after
1546,12,after
1547,13,after
1548,5,after
1549,21,after
1550,18,after
1551,21,after
1552,12,after
1553,2,after
1554,19,after
1555,9,after
1556,7,after
1557,22,after
1558,2,after
1559,2,after
1560,8,after
1561,4,after
1562,12,after
1563,22,after
1564,20,after
1565,4,after
1566,23,after
1567,12,after
1568,10,after
1569,11,after
1570,3,after
1571,2,after
1572,0,after
1573,9,after
1574,14,after
1575,11,after
1576,8,after
1577,3,after
1578,4,after
1579,2,after
1580,5,after
1581,13,after
1582,14,after
1583,17,after
1584,17,after
1585,16,after
1586,13,after
1587,3,after
1588,0,after
1589,2,after
1590,11,after
1591,17,after
1592,2,after
1593,19,after
1594,19,after
1595,10,after
1596,12,after
1597,0,after
1598,9,after
1599,13,after
1600,12,after
1601,2,after
1602,23,after
1603,17,after
1604,7,after
1605,18,after
1606,16,after
1607,5,after
1608,21,after
1609,12,after
1610,5,after
1611,4,after
1612,8,after
1613,9,after
1614,8,after
1615,15,after
1616,4,after
1617,2,after
1618,5,after
1619,13,after
1620,8,after
1621,13,after
1622,9,after
1623,15,after
1624,2,after
1625,11,after
1626,8,after
1627,7,after
1628,23,after
1629,20,after
1630,15,after
1631,19,after
1632,19,after
1633,6,after
1634,14,after
1635,3,after
1636,4,after
1637,9,after
1638,0,after
1639,12,after
1640,10,after
1641,19,after
1642,12,after
1643,10,after
1644,14,after
1645,10,after
1646,13,after
1647,20,after
1648,19,after
1649,4,after
1650,9,after
1651,10,after
1652,19,after
1653,22,after
1654,6,after
1655,15,after
1656,10,after
1657,5,after
1658,12,after
1659,10,after
1660,9,after
1661,23,after
1662,22,after
1663,20,after
1664,15,after
1665,18,after
1666,7,after
1667,10,after
1668,12,after
1669,8,after
1670,12,after
1671,11,after
1672,3,after
1673,18,after
1674,6,after
1675,18,after
1676,17,after
1677,5,after
1678,21,after
1679,17,after
1680,0,after
1681,23,after
1682,14,after
1683,22,after
1684,6,after
1685,14,after
1686,9,after
1687,22,after
1688,2,after
1689,13,after
1690,21,after
1691,15,after
1692,4,after
1693,20,after
1694,9,after
1695,7,after
1696,8,after
1697,21,after
1698,4,after
1699,22,after
1700,13,after
1701,12,after
1702,2,after
1703,14,after
1704,19,after
1705,15,after
1706,18,after
1707,12,after
1708,17,after
1709,16,after
1710,22,after
1711,13,after
1712,17,after
1713,1,after
1714,11,after
1715,22,after
1716,17,after
1717,19,after
1718,20,after
1719,2,after
1720,3,after
1721,7,after
1722,21,after
1723,21,after
1724,11,after
1725,5,after
1726,20,after
1727,19,after
1728,1,after
1729,18,after
1730,20,after
1731,21,after
1732,20,after
1733,12,after
1734,10,after
1735,13,after
1736,3,after
1737,0,after
1738,3,after
1739,8,after
1740,7,after
1741,16,after
1742,23,after
1743,16,after
1744,17,after
1745,18,after
1746,22,after
1747,18,after
1748,7,after
1749,14,after
1750,11,after
1751,12,after
1752,14,after
1753,21,after
1754,18,after
1755,22,after
1756,16,after
1757,4,after
1758,11,after
1759,0,after
1760,15,after
1761,3,after
1762,9,after
1763,13,after
1764,2,after
1765,3,after
1766,23,after
1767,4,after
1768,11,after
1769,9,after
1770,10,after
1771,14,after
1772,6,after
1773,16,after
1774,15,after
1775,11,after
1776,15,after
1777,3,after
1778,14,after
1779,23,after
1780,22,after
1781,14,after
1782,10,after
1783,2,after
1784,9,after
1785,1,after
1786,22,after
1787,3,after
1788,0,after
1789,10,after
1790,20,after
1791,3,after
1792,21,after
1793,5,after
1794,23,after
1795,7,after
1796,16,after
1797,5,after
1798,17,after
1799,5,after
1800,10,after
1801,17,after
1802,13,after
1803,14,after
1804,7,after
1805,12,after
1806,20,after
1807,5,after
1808,5,after
1809,20,after
1810,21,after
1811,13,after
1812,12,after
1813,0,after
1814,23,after
1815,19,after
1816,6,after
1817,14,after
1818,18,after
1819,13,after
1820,12,after
1821,0,after
1822,22,after
1823,6,after
1824,6,after
1825,8,after
1826,22,after
1827,2,after
1828,18,after
1829,3,after
1830,17,after
1831,5,after
1832,11,after
1833,10,after
1834,6,after
1835,14,after
1836,3,after
1837,8,after
1838,21,after
1839,15,after
1840,16,after
1841,20,after
1842,10,after
1843,19,after
1844,12,after
1845,19,after
1846,12,after
1847,18,after
1848,3,after
1849,11,after
1850,11,after
1851,14,after
1852,19,after
1853,5,after
1854,21,after
1855,22,after
1856,9,after
1857,19,after
1858,18,after
1859,2,after
1860,21,after
1861,4,after
1862,10,after
1863,3,after
1864,7,after
1865,9,after
1866,3,after
1867,5,after
1868,11,after
1869,22,after
1870,4,after
1871,16,after
1872,12,after
1873,13,after
1874,19,after
1875,4,after
1876,18,after
1877,12,after
1878,13,after
1879,5,after
1880,15,after
1881,20,after
1882,17,after
1883,22,after
1884,20,after
1885,5,after
1886,17,after
1887,5,after
1888,15,after
1889,9,after
1890,4,after
1891,5,after
1892,10,after
1893,14,after
1894,19,after
1895,1,after
1896,11,after
1897,0,after
1898,15,after
1899,4,after
1900,6,after
1901,12,after
1902,17,after
1903,16,after
1904,20,after
1905,15,after
1906,13,after
1907,21,after
1908,15,after
1909,13,after
1910,22,after
1911,14,after
1912,15,after
1913,5,after
1914,2,after
1915,18,after
1916,0,after
1917,7,after
1918,9,after
1919,1,after
1920,8,after
1921,7,after
1922,17,after
1923,9,after
1924,5,after
1925,14,after
1926,18,after
1927,23,after
1928,15,after
1929,17,after
1930,16,after
1931,3,after
1932,18,after
1933,3,after
1934,8,after
1935,17,after
1936,11,after
1937,17,after
1938,1,after
1939,23,after
1940,14,after
1941,17,after
1942,6,after
1943,13,after
1944,3,after
1945,23,after
1946,20,after
1947,7,after
1948,9,after
1949,1,after
1950,14,after
1951,8,after
1952,11,after
1953,2,after
1954,14,after
1955,3,after
1956,7,after
1957,6,after
1958,23,after
1959,18,after
1960,22,after
1961,11,after
1962,22,after
1963,19,after
1964,20,after
1965,13,after
1966,5,after
1967,19,after
1968,4,after
1969,6,after
1970,6,after
1971,1,after
1972,18,after
1973,11,after
1974,17,after
1975,8,after
1976,19,after
1977,17,after
1978,5,after
1979,10,after
1980,22,after
1981,9,after
1982,9,after
1983,18,after
1984,8,after
1985,16,after
1986,21,after
1987,3,after
1988,4,after
1989,13,after
1990,1,after
1991,8,after
1992,20,after
1993,4,after
1994,22,after
1995,4,after
1996,7,after
1997,4,after
1998,22,after
1999,10,after
