seed,policy,phase,accesses,hits,faults,hit_ratio
42,FIFO,before,1000,745,255,0.745
42,FIFO,after,1000,228,772,0.228
42,LRU,before,1000,831,169,0.831
42,LRU,after,1000,225,775,0.225
42,Optimal,before,1000,883,117,0.883
42,Optimal,after,1000,519,481,0.519
42,Learned,before,1000,860,140,0.86
42,Learned,after,1000,231,769,0.231
43,FIFO,before,1000,769,231,0.769
43,FIFO,after,1000,233,767,0.233
43,LRU,before,1000,841,159,0.841
43,LRU,after,1000,242,758,0.242
43,Optimal,before,1000,893,107,0.893
43,Optimal,after,1000,519,481,0.519
43,Learned,before,1000,867,133,0.867
43,Learned,after,1000,252,748,0.252
44,FIFO,before,1000,744,256,0.744
44,FIFO,after,1000,250,750,0.25
44,LRU,before,1000,832,168,0.832
44,LRU,after,1000,252,748,0.252
44,Optimal,before,1000,886,114,0.886
44,Optimal,after,1000,512,488,0.512
44,Learned,before,1000,868,132,0.868
44,Learned,after,1000,263,737,0.263
45,FIFO,before,1000,758,242,0.758
45,FIFO,after,1000,268,732,0.268
45,LRU,before,1000,844,156,0.844
45,LRU,after,1000,278,722,0.278
45,Optimal,before,1000,894,106,0.894
45,Optimal,after,1000,529,471,0.529
45,Learned,before,1000,866,134,0.866
45,Learned,after,1000,253,747,0.253
46,FIFO,before,1000,757,243,0.757
46,FIFO,after,1000,239,761,0.239
46,LRU,before,1000,838,162,0.838
46,LRU,after,1000,243,757,0.243
46,Optimal,before,1000,895,105,0.895
46,Optimal,after,1000,524,476,0.524
46,Learned,before,1000,868,132,0.868
46,Learned,after,1000,253,747,0.253
